ContractName,Date,OpenSharePrice,HighSharePrice,LowSharePrice,CloseSharePrice,TradeVolume
Biden,4/2/2024 12:00:00 AM,$0.89,$0.90,$0.89,$0.90,3942
Harris,4/2/2024 12:00:00 AM,$0.04,$0.05,$0.04,$0.05,34
Sanders,4/2/2024 12:00:00 AM,$0.01,$0.01,$0.01,$0.01,0
Clinton,4/2/2024 12:00:00 AM,$0.03,$0.03,$0.01,$0.01,28544
Buttigieg,4/2/2024 12:00:00 AM,$0.01,$0.01,$0.01,$0.01,0
Warren,4/2/2024 12:00:00 AM,$0.01,$0.01,$0.01,$0.01,0
AOC,4/2/2024 12:00:00 AM,$0.01,$0.01,$0.01,$0.01,0
Brown,4/2/2024 12:00:00 AM,$0.01,$0.01,$0.01,$0.01,0
Abrams,4/2/2024 12:00:00 AM,$0.01,$0.01,$0.01,$0.01,0
Klobuchar,4/2/2024 12:00:00 AM,$0.01,$0.01,$0.01,$0.01,0
Newsom,4/2/2024 12:00:00 AM,$0.06,$0.06,$0.05,$0.06,1938
Pritzker,4/2/2024 12:00:00 AM,$0.01,$0.02,$0.01,$0.01,3363
RFK Jr.,4/2/2024 12:00:00 AM,$0.01,$0.01,$0.01,$0.01,52
Biden,4/3/2024 12:00:00 AM,$0.90,$0.90,$0.89,$0.89,3251
Harris,4/3/2024 12:00:00 AM,$0.05,$0.05,$0.04,$0.05,14
Sanders,4/3/2024 12:00:00 AM,$0.01,$0.01,$0.01,$0.01,0
Clinton,4/3/2024 12:00:00 AM,$0.01,$0.02,$0.01,$0.02,2
Buttigieg,4/3/2024 12:00:00 AM,$0.01,$0.01,$0.01,$0.01,0
Warren,4/3/2024 12:00:00 AM,$0.01,$0.01,$0.01,$0.01,0
AOC,4/3/2024 12:00:00 AM,$0.01,$0.01,$0.01,$0.01,0
Brown,4/3/2024 12:00:00 AM,$0.01,$0.01,$0.01,$0.01,0
Abrams,4/3/2024 12:00:00 AM,$0.01,$0.01,$0.01,$0.01,0
Klobuchar,4/3/2024 12:00:00 AM,$0.01,$0.01,$0.01,$0.01,0
Newsom,4/3/2024 12:00:00 AM,$0.06,$0.07,$0.05,$0.05,1370
Pritzker,4/3/2024 12:00:00 AM,$0.01,$0.01,$0.01,$0.01,25
RFK Jr.,4/3/2024 12:00:00 AM,$0.01,$0.01,$0.01,$0.01,0
Biden,4/4/2024 12:00:00 AM,$0.89,$0.90,$0.89,$0.89,4372
Harris,4/4/2024 12:00:00 AM,$0.05,$0.05,$0.04,$0.04,1002
Sanders,4/4/2024 12:00:00 AM,$0.01,$0.01,$0.01,$0.01,0
Clinton,4/4/2024 12:00:00 AM,$0.02,$0.02,$0.01,$0.01,859
Buttigieg,4/4/2024 12:00:00 AM,$0.01,$0.01,$0.01,$0.01,0
Warren,4/4/2024 12:00:00 AM,$0.01,$0.01,$0.01,$0.01,0
AOC,4/4/2024 12:00:00 AM,$0.01,$0.01,$0.01,$0.01,0
Brown,4/4/2024 12:00:00 AM,$0.01,$0.01,$0.01,$0.01,0
Abrams,4/4/2024 12:00:00 AM,$0.01,$0.01,$0.01,$0.01,0
Klobuchar,4/4/2024 12:00:00 AM,$0.01,$0.01,$0.01,$0.01,0
Newsom,4/4/2024 12:00:00 AM,$0.05,$0.07,$0.05,$0.05,1294
Pritzker,4/4/2024 12:00:00 AM,$0.01,$0.01,$0.01,$0.01,858
RFK Jr.,4/4/2024 12:00:00 AM,$0.01,$0.01,$0.01,$0.01,0
Biden,4/5/2024 12:00:00 AM,$0.89,$0.89,$0.88,$0.88,3808
Harris,4/5/2024 12:00:00 AM,$0.04,$0.05,$0.04,$0.04,2754
Sanders,4/5/2024 12:00:00 AM,$0.01,$0.01,$0.01,$0.01,0
Clinton,4/5/2024 12:00:00 AM,$0.01,$0.02,$0.01,$0.01,977
Buttigieg,4/5/2024 12:00:00 AM,$0.01,$0.01,$0.01,$0.01,50
Warren,4/5/2024 12:00:00 AM,$0.01,$0.01,$0.01,$0.01,0
AOC,4/5/2024 12:00:00 AM,$0.01,$0.01,$0.01,$0.01,0
Brown,4/5/2024 12:00:00 AM,$0.01,$0.01,$0.01,$0.01,0
Abrams,4/5/2024 12:00:00 AM,$0.01,$0.01,$0.01,$0.01,0
Klobuchar,4/5/2024 12:00:00 AM,$0.01,$0.01,$0.01,$0.01,0
Newsom,4/5/2024 12:00:00 AM,$0.05,$0.07,$0.05,$0.05,1556
Pritzker,4/5/2024 12:00:00 AM,$0.01,$0.01,$0.01,$0.01,21
RFK Jr.,4/5/2024 12:00:00 AM,$0.01,$0.01,$0.01,$0.01,0
Biden,4/6/2024 12:00:00 AM,$0.88,$0.89,$0.88,$0.89,3600
Harris,4/6/2024 12:00:00 AM,$0.04,$0.05,$0.03,$0.05,859
Sanders,4/6/2024 12:00:00 AM,$0.01,$0.01,$0.01,$0.01,0
Clinton,4/6/2024 12:00:00 AM,$0.01,$0.01,$0.01,$0.01,100
Buttigieg,4/6/2024 12:00:00 AM,$0.01,$0.01,$0.01,$0.01,0
Warren,4/6/2024 12:00:00 AM,$0.01,$0.01,$0.01,$0.01,0
AOC,4/6/2024 12:00:00 AM,$0.01,$0.01,$0.01,$0.01,0
Brown,4/6/2024 12:00:00 AM,$0.01,$0.01,$0.01,$0.01,0
Abrams,4/6/2024 12:00:00 AM,$0.01,$0.01,$0.01,$0.01,0
Klobuchar,4/6/2024 12:00:00 AM,$0.01,$0.01,$0.01,$0.01,0
Newsom,4/6/2024 12:00:00 AM,$0.05,$0.06,$0.05,$0.06,676
Pritzker,4/6/2024 12:00:00 AM,$0.01,$0.01,$0.01,$0.01,100
RFK Jr.,4/6/2024 12:00:00 AM,$0.01,$0.01,$0.01,$0.01,3501
Biden,4/7/2024 12:00:00 AM,$0.89,$0.89,$0.88,$0.89,951
Harris,4/7/2024 12:00:00 AM,$0.05,$0.05,$0.04,$0.05,13
Sanders,4/7/2024 12:00:00 AM,$0.01,$0.01,$0.01,$0.01,3
Clinton,4/7/2024 12:00:00 AM,$0.01,$0.02,$0.01,$0.02,9
Buttigieg,4/7/2024 12:00:00 AM,$0.01,$0.01,$0.01,$0.01,6
Warren,4/7/2024 12:00:00 AM,$0.01,$0.01,$0.01,$0.01,4
AOC,4/7/2024 12:00:00 AM,$0.01,$0.01,$0.01,$0.01,4
Brown,4/7/2024 12:00:00 AM,$0.01,$0.01,$0.01,$0.01,3
Abrams,4/7/2024 12:00:00 AM,$0.01,$0.01,$0.01,$0.01,3
Klobuchar,4/7/2024 12:00:00 AM,$0.01,$0.01,$0.01,$0.01,0
Newsom,4/7/2024 12:00:00 AM,$0.06,$0.07,$0.05,$0.06,1434
Pritzker,4/7/2024 12:00:00 AM,$0.01,$0.01,$0.01,$0.01,1
RFK Jr.,4/7/2024 12:00:00 AM,$0.01,$0.01,$0.01,$0.01,3
Biden,4/8/2024 12:00:00 AM,$0.89,$0.89,$0.88,$0.89,617
Harris,4/8/2024 12:00:00 AM,$0.05,$0.05,$0.04,$0.05,511
Sanders,4/8/2024 12:00:00 AM,$0.01,$0.01,$0.01,$0.01,0
Clinton,4/8/2024 12:00:00 AM,$0.02,$0.02,$0.01,$0.01,859
Buttigieg,4/8/2024 12:00:00 AM,$0.01,$0.01,$0.01,$0.01,0
Warren,4/8/2024 12:00:00 AM,$0.01,$0.01,$0.01,$0.01,0
AOC,4/8/2024 12:00:00 AM,$0.01,$0.01,$0.01,$0.01,0
Brown,4/8/2024 12:00:00 AM,$0.01,$0.01,$0.01,$0.01,0
Abrams,4/8/2024 12:00:00 AM,$0.01,$0.01,$0.01,$0.01,0
Klobuchar,4/8/2024 12:00:00 AM,$0.01,$0.01,$0.01,$0.01,0
Newsom,4/8/2024 12:00:00 AM,$0.06,$0.08,$0.05,$0.07,6507
Pritzker,4/8/2024 12:00:00 AM,$0.01,$0.01,$0.01,$0.01,26
RFK Jr.,4/8/2024 12:00:00 AM,$0.01,$0.01,$0.01,$0.01,500
Biden,4/9/2024 12:00:00 AM,$0.89,$0.89,$0.88,$0.89,1763
Harris,4/9/2024 12:00:00 AM,$0.05,$0.05,$0.04,$0.04,224
Sanders,4/9/2024 12:00:00 AM,$0.01,$0.01,$0.01,$0.01,0
Clinton,4/9/2024 12:00:00 AM,$0.01,$0.02,$0.01,$0.02,12
Buttigieg,4/9/2024 12:00:00 AM,$0.01,$0.01,$0.01,$0.01,25
Warren,4/9/2024 12:00:00 AM,$0.01,$0.01,$0.01,$0.01,0
AOC,4/9/2024 12:00:00 AM,$0.01,$0.01,$0.01,$0.01,0
Brown,4/9/2024 12:00:00 AM,$0.01,$0.01,$0.01,$0.01,0
Abrams,4/9/2024 12:00:00 AM,$0.01,$0.01,$0.01,$0.01,0
Klobuchar,4/9/2024 12:00:00 AM,$0.01,$0.01,$0.01,$0.01,25
Newsom,4/9/2024 12:00:00 AM,$0.07,$0.08,$0.07,$0.08,1760
Pritzker,4/9/2024 12:00:00 AM,$0.01,$0.01,$0.01,$0.01,1
RFK Jr.,4/9/2024 12:00:00 AM,$0.01,$0.01,$0.01,$0.01,0
Biden,4/10/2024 12:00:00 AM,$0.89,$0.89,$0.88,$0.88,1395
Harris,4/10/2024 12:00:00 AM,$0.04,$0.05,$0.04,$0.05,29
Sanders,4/10/2024 12:00:00 AM,$0.01,$0.01,$0.01,$0.01,0
Clinton,4/10/2024 12:00:00 AM,$0.02,$0.02,$0.01,$0.02,3
Buttigieg,4/10/2024 12:00:00 AM,$0.01,$0.01,$0.01,$0.01,0
Warren,4/10/2024 12:00:00 AM,$0.01,$0.01,$0.01,$0.01,0
AOC,4/10/2024 12:00:00 AM,$0.01,$0.01,$0.01,$0.01,0
Brown,4/10/2024 12:00:00 AM,$0.01,$0.01,$0.01,$0.01,0
Abrams,4/10/2024 12:00:00 AM,$0.01,$0.01,$0.01,$0.01,0
Klobuchar,4/10/2024 12:00:00 AM,$0.01,$0.01,$0.01,$0.01,0
Newsom,4/10/2024 12:00:00 AM,$0.08,$0.08,$0.06,$0.07,2657
Pritzker,4/10/2024 12:00:00 AM,$0.01,$0.01,$0.01,$0.01,857
RFK Jr.,4/10/2024 12:00:00 AM,$0.01,$0.01,$0.01,$0.01,0
Biden,4/11/2024 12:00:00 AM,$0.88,$0.90,$0.88,$0.89,7791
Harris,4/11/2024 12:00:00 AM,$0.05,$0.05,$0.04,$0.04,368
Sanders,4/11/2024 12:00:00 AM,$0.01,$0.01,$0.01,$0.01,0
Clinton,4/11/2024 12:00:00 AM,$0.02,$0.02,$0.01,$0.01,112
Buttigieg,4/11/2024 12:00:00 AM,$0.01,$0.01,$0.01,$0.01,30
Warren,4/11/2024 12:00:00 AM,$0.01,$0.01,$0.01,$0.01,0
AOC,4/11/2024 12:00:00 AM,$0.01,$0.01,$0.01,$0.01,0
Brown,4/11/2024 12:00:00 AM,$0.01,$0.01,$0.01,$0.01,0
Abrams,4/11/2024 12:00:00 AM,$0.01,$0.01,$0.01,$0.01,0
Klobuchar,4/11/2024 12:00:00 AM,$0.01,$0.01,$0.01,$0.01,0
Newsom,4/11/2024 12:00:00 AM,$0.07,$0.07,$0.06,$0.06,1795
Pritzker,4/11/2024 12:00:00 AM,$0.01,$0.01,$0.01,$0.01,6
RFK Jr.,4/11/2024 12:00:00 AM,$0.01,$0.01,$0.01,$0.01,91
Biden,4/12/2024 12:00:00 AM,$0.89,$0.90,$0.89,$0.90,1460
Harris,4/12/2024 12:00:00 AM,$0.04,$0.05,$0.04,$0.04,71
Sanders,4/12/2024 12:00:00 AM,$0.01,$0.01,$0.01,$0.01,0
Clinton,4/12/2024 12:00:00 AM,$0.01,$0.02,$0.01,$0.01,29
Buttigieg,4/12/2024 12:00:00 AM,$0.01,$0.01,$0.01,$0.01,0
Warren,4/12/2024 12:00:00 AM,$0.01,$0.01,$0.01,$0.01,0
AOC,4/12/2024 12:00:00 AM,$0.01,$0.01,$0.01,$0.01,0
Brown,4/12/2024 12:00:00 AM,$0.01,$0.01,$0.01,$0.01,0
Abrams,4/12/2024 12:00:00 AM,$0.01,$0.01,$0.01,$0.01,0
Klobuchar,4/12/2024 12:00:00 AM,$0.01,$0.01,$0.01,$0.01,0
Newsom,4/12/2024 12:00:00 AM,$0.06,$0.07,$0.06,$0.06,398
Pritzker,4/12/2024 12:00:00 AM,$0.01,$0.02,$0.01,$0.01,17
RFK Jr.,4/12/2024 12:00:00 AM,$0.01,$0.01,$0.01,$0.01,0
Biden,4/13/2024 12:00:00 AM,$0.90,$0.90,$0.89,$0.89,3944
Harris,4/13/2024 12:00:00 AM,$0.04,$0.05,$0.04,$0.04,2403
Sanders,4/13/2024 12:00:00 AM,$0.01,$0.01,$0.01,$0.01,0
Clinton,4/13/2024 12:00:00 AM,$0.01,$0.01,$0.01,$0.01,19
Buttigieg,4/13/2024 12:00:00 AM,$0.01,$0.01,$0.01,$0.01,0
Warren,4/13/2024 12:00:00 AM,$0.01,$0.01,$0.01,$0.01,0
AOC,4/13/2024 12:00:00 AM,$0.01,$0.01,$0.01,$0.01,0
Brown,4/13/2024 12:00:00 AM,$0.01,$0.01,$0.01,$0.01,0
Abrams,4/13/2024 12:00:00 AM,$0.01,$0.01,$0.01,$0.01,0
Klobuchar,4/13/2024 12:00:00 AM,$0.01,$0.01,$0.01,$0.01,0
Newsom,4/13/2024 12:00:00 AM,$0.06,$0.08,$0.06,$0.06,5017
Pritzker,4/13/2024 12:00:00 AM,$0.01,$0.01,$0.01,$0.01,0
RFK Jr.,4/13/2024 12:00:00 AM,$0.01,$0.01,$0.01,$0.01,0
Biden,4/14/2024 12:00:00 AM,$0.89,$0.90,$0.89,$0.90,139
Harris,4/14/2024 12:00:00 AM,$0.04,$0.05,$0.04,$0.04,610
Sanders,4/14/2024 12:00:00 AM,$0.01,$0.01,$0.01,$0.01,0
Clinton,4/14/2024 12:00:00 AM,$0.01,$0.02,$0.01,$0.01,80
Buttigieg,4/14/2024 12:00:00 AM,$0.01,$0.01,$0.01,$0.01,0
Warren,4/14/2024 12:00:00 AM,$0.01,$0.01,$0.01,$0.01,0
AOC,4/14/2024 12:00:00 AM,$0.01,$0.01,$0.01,$0.01,0
Brown,4/14/2024 12:00:00 AM,$0.01,$0.01,$0.01,$0.01,0
Abrams,4/14/2024 12:00:00 AM,$0.01,$0.01,$0.01,$0.01,0
Klobuchar,4/14/2024 12:00:00 AM,$0.01,$0.01,$0.01,$0.01,0
Newsom,4/14/2024 12:00:00 AM,$0.06,$0.07,$0.06,$0.06,2117
Pritzker,4/14/2024 12:00:00 AM,$0.01,$0.01,$0.01,$0.01,0
RFK Jr.,4/14/2024 12:00:00 AM,$0.01,$0.01,$0.01,$0.01,0
Biden,4/15/2024 12:00:00 AM,$0.90,$0.90,$0.89,$0.90,825
Harris,4/15/2024 12:00:00 AM,$0.04,$0.05,$0.04,$0.04,275
Sanders,4/15/2024 12:00:00 AM,$0.01,$0.01,$0.01,$0.01,0
Clinton,4/15/2024 12:00:00 AM,$0.01,$0.02,$0.01,$0.01,1556
Buttigieg,4/15/2024 12:00:00 AM,$0.01,$0.01,$0.01,$0.01,828
Warren,4/15/2024 12:00:00 AM,$0.01,$0.01,$0.01,$0.01,856
AOC,4/15/2024 12:00:00 AM,$0.01,$0.01,$0.01,$0.01,0
Brown,4/15/2024 12:00:00 AM,$0.01,$0.01,$0.01,$0.01,0
Abrams,4/15/2024 12:00:00 AM,$0.01,$0.01,$0.01,$0.01,0
Klobuchar,4/15/2024 12:00:00 AM,$0.01,$0.01,$0.01,$0.01,0
Newsom,4/15/2024 12:00:00 AM,$0.06,$0.07,$0.06,$0.07,89
Pritzker,4/15/2024 12:00:00 AM,$0.01,$0.01,$0.01,$0.01,0
RFK Jr.,4/15/2024 12:00:00 AM,$0.01,$0.02,$0.01,$0.01,859
Biden,4/16/2024 12:00:00 AM,$0.90,$0.90,$0.89,$0.90,682
Harris,4/16/2024 12:00:00 AM,$0.04,$0.05,$0.04,$0.04,1245
Sanders,4/16/2024 12:00:00 AM,$0.01,$0.01,$0.01,$0.01,0
Clinton,4/16/2024 12:00:00 AM,$0.01,$0.01,$0.01,$0.01,24
Buttigieg,4/16/2024 12:00:00 AM,$0.01,$0.01,$0.01,$0.01,0
Warren,4/16/2024 12:00:00 AM,$0.01,$0.01,$0.01,$0.01,0
AOC,4/16/2024 12:00:00 AM,$0.01,$0.01,$0.01,$0.01,0
Brown,4/16/2024 12:00:00 AM,$0.01,$0.01,$0.01,$0.01,0
Abrams,4/16/2024 12:00:00 AM,$0.01,$0.01,$0.01,$0.01,0
Klobuchar,4/16/2024 12:00:00 AM,$0.01,$0.01,$0.01,$0.01,0
Newsom,4/16/2024 12:00:00 AM,$0.07,$0.07,$0.05,$0.05,7323
Pritzker,4/16/2024 12:00:00 AM,$0.01,$0.01,$0.01,$0.01,20
RFK Jr.,4/16/2024 12:00:00 AM,$0.01,$0.01,$0.01,$0.01,0
Biden,4/17/2024 12:00:00 AM,$0.90,$0.90,$0.89,$0.90,1532
Harris,4/17/2024 12:00:00 AM,$0.04,$0.05,$0.04,$0.04,353
Sanders,4/17/2024 12:00:00 AM,$0.01,$0.01,$0.01,$0.01,0
Clinton,4/17/2024 12:00:00 AM,$0.01,$0.01,$0.01,$0.01,0
Buttigieg,4/17/2024 12:00:00 AM,$0.01,$0.01,$0.01,$0.01,0
Warren,4/17/2024 12:00:00 AM,$0.01,$0.01,$0.01,$0.01,0
AOC,4/17/2024 12:00:00 AM,$0.01,$0.01,$0.01,$0.01,0
Brown,4/17/2024 12:00:00 AM,$0.01,$0.01,$0.01,$0.01,0
Abrams,4/17/2024 12:00:00 AM,$0.01,$0.01,$0.01,$0.01,0
Klobuchar,4/17/2024 12:00:00 AM,$0.01,$0.01,$0.01,$0.01,0
Newsom,4/17/2024 12:00:00 AM,$0.05,$0.06,$0.05,$0.06,101
Pritzker,4/17/2024 12:00:00 AM,$0.01,$0.01,$0.01,$0.01,0
RFK Jr.,4/17/2024 12:00:00 AM,$0.01,$0.01,$0.01,$0.01,0
Biden,4/18/2024 12:00:00 AM,$0.90,$0.90,$0.89,$0.90,4845
Harris,4/18/2024 12:00:00 AM,$0.04,$0.05,$0.04,$0.04,11951
Sanders,4/18/2024 12:00:00 AM,$0.01,$0.01,$0.01,$0.01,0
Clinton,4/18/2024 12:00:00 AM,$0.01,$0.02,$0.01,$0.01,400
Buttigieg,4/18/2024 12:00:00 AM,$0.01,$0.01,$0.01,$0.01,0
Warren,4/18/2024 12:00:00 AM,$0.01,$0.01,$0.01,$0.01,0
AOC,4/18/2024 12:00:00 AM,$0.01,$0.01,$0.01,$0.01,0
Brown,4/18/2024 12:00:00 AM,$0.01,$0.01,$0.01,$0.01,0
Abrams,4/18/2024 12:00:00 AM,$0.01,$0.01,$0.01,$0.01,0
Klobuchar,4/18/2024 12:00:00 AM,$0.01,$0.01,$0.01,$0.01,0
Newsom,4/18/2024 12:00:00 AM,$0.06,$0.06,$0.05,$0.06,1635
Pritzker,4/18/2024 12:00:00 AM,$0.01,$0.01,$0.01,$0.01,0
RFK Jr.,4/18/2024 12:00:00 AM,$0.01,$0.01,$0.01,$0.01,0
Biden,4/19/2024 12:00:00 AM,$0.90,$0.90,$0.89,$0.90,1840
Harris,4/19/2024 12:00:00 AM,$0.04,$0.05,$0.04,$0.04,128
Sanders,4/19/2024 12:00:00 AM,$0.01,$0.01,$0.01,$0.01,0
Clinton,4/19/2024 12:00:00 AM,$0.01,$0.01,$0.01,$0.01,0
Buttigieg,4/19/2024 12:00:00 AM,$0.01,$0.01,$0.01,$0.01,0
Warren,4/19/2024 12:00:00 AM,$0.01,$0.01,$0.01,$0.01,0
AOC,4/19/2024 12:00:00 AM,$0.01,$0.01,$0.01,$0.01,0
Brown,4/19/2024 12:00:00 AM,$0.01,$0.01,$0.01,$0.01,0
Abrams,4/19/2024 12:00:00 AM,$0.01,$0.01,$0.01,$0.01,0
Klobuchar,4/19/2024 12:00:00 AM,$0.01,$0.01,$0.01,$0.01,0
Newsom,4/19/2024 12:00:00 AM,$0.06,$0.06,$0.05,$0.06,182
Pritzker,4/19/2024 12:00:00 AM,$0.01,$0.01,$0.01,$0.01,0
RFK Jr.,4/19/2024 12:00:00 AM,$0.01,$0.02,$0.01,$0.01,318
Biden,4/20/2024 12:00:00 AM,$0.90,$0.90,$0.89,$0.89,523
Harris,4/20/2024 12:00:00 AM,$0.04,$0.05,$0.04,$0.05,486
Sanders,4/20/2024 12:00:00 AM,$0.01,$0.01,$0.01,$0.01,0
Clinton,4/20/2024 12:00:00 AM,$0.01,$0.02,$0.01,$0.01,326
Buttigieg,4/20/2024 12:00:00 AM,$0.01,$0.01,$0.01,$0.01,0
Warren,4/20/2024 12:00:00 AM,$0.01,$0.01,$0.01,$0.01,0
AOC,4/20/2024 12:00:00 AM,$0.01,$0.01,$0.01,$0.01,0
Brown,4/20/2024 12:00:00 AM,$0.01,$0.01,$0.01,$0.01,0
Abrams,4/20/2024 12:00:00 AM,$0.01,$0.01,$0.01,$0.01,0
Klobuchar,4/20/2024 12:00:00 AM,$0.01,$0.01,$0.01,$0.01,0
Newsom,4/20/2024 12:00:00 AM,$0.06,$0.06,$0.05,$0.06,7303
Pritzker,4/20/2024 12:00:00 AM,$0.01,$0.01,$0.01,$0.01,209
RFK Jr.,4/20/2024 12:00:00 AM,$0.01,$0.01,$0.01,$0.01,0
Biden,4/21/2024 12:00:00 AM,$0.89,$0.90,$0.89,$0.89,386
Harris,4/21/2024 12:00:00 AM,$0.05,$0.05,$0.04,$0.04,1209
Sanders,4/21/2024 12:00:00 AM,$0.01,$0.01,$0.01,$0.01,858
Clinton,4/21/2024 12:00:00 AM,$0.01,$0.02,$0.01,$0.01,988
Buttigieg,4/21/2024 12:00:00 AM,$0.01,$0.01,$0.01,$0.01,917
Warren,4/21/2024 12:00:00 AM,$0.01,$0.01,$0.01,$0.01,0
AOC,4/21/2024 12:00:00 AM,$0.01,$0.01,$0.01,$0.01,858
Brown,4/21/2024 12:00:00 AM,$0.01,$0.01,$0.01,$0.01,0
Abrams,4/21/2024 12:00:00 AM,$0.01,$0.01,$0.01,$0.01,0
Klobuchar,4/21/2024 12:00:00 AM,$0.01,$0.01,$0.01,$0.01,858
Newsom,4/21/2024 12:00:00 AM,$0.06,$0.07,$0.05,$0.06,2162
Pritzker,4/21/2024 12:00:00 AM,$0.01,$0.02,$0.01,$0.02,858
RFK Jr.,4/21/2024 12:00:00 AM,$0.01,$0.02,$0.01,$0.01,1015
Biden,4/22/2024 12:00:00 AM,$0.89,$0.90,$0.89,$0.89,3662
Harris,4/22/2024 12:00:00 AM,$0.04,$0.05,$0.04,$0.04,5346
Sanders,4/22/2024 12:00:00 AM,$0.01,$0.01,$0.01,$0.01,0
Clinton,4/22/2024 12:00:00 AM,$0.01,$0.01,$0.01,$0.01,11399
Buttigieg,4/22/2024 12:00:00 AM,$0.01,$0.01,$0.01,$0.01,0
Warren,4/22/2024 12:00:00 AM,$0.01,$0.01,$0.01,$0.01,0
AOC,4/22/2024 12:00:00 AM,$0.01,$0.01,$0.01,$0.01,0
Brown,4/22/2024 12:00:00 AM,$0.01,$0.01,$0.01,$0.01,0
Abrams,4/22/2024 12:00:00 AM,$0.01,$0.01,$0.01,$0.01,0
Klobuchar,4/22/2024 12:00:00 AM,$0.01,$0.01,$0.01,$0.01,0
Newsom,4/22/2024 12:00:00 AM,$0.06,$0.07,$0.06,$0.07,623
Pritzker,4/22/2024 12:00:00 AM,$0.02,$0.02,$0.02,$0.02,0
RFK Jr.,4/22/2024 12:00:00 AM,$0.01,$0.02,$0.01,$0.01,1740
Biden,4/23/2024 12:00:00 AM,$0.89,$0.90,$0.89,$0.89,2448
Harris,4/23/2024 12:00:00 AM,$0.04,$0.05,$0.04,$0.05,1382
Sanders,4/23/2024 12:00:00 AM,$0.01,$0.01,$0.01,$0.01,0
Clinton,4/23/2024 12:00:00 AM,$0.01,$0.01,$0.01,$0.01,1408
Buttigieg,4/23/2024 12:00:00 AM,$0.01,$0.01,$0.01,$0.01,0
Warren,4/23/2024 12:00:00 AM,$0.01,$0.01,$0.01,$0.01,0
AOC,4/23/2024 12:00:00 AM,$0.01,$0.01,$0.01,$0.01,0
Brown,4/23/2024 12:00:00 AM,$0.01,$0.01,$0.01,$0.01,0
Abrams,4/23/2024 12:00:00 AM,$0.01,$0.01,$0.01,$0.01,0
Klobuchar,4/23/2024 12:00:00 AM,$0.01,$0.01,$0.01,$0.01,0
Newsom,4/23/2024 12:00:00 AM,$0.07,$0.07,$0.05,$0.06,7822
Pritzker,4/23/2024 12:00:00 AM,$0.02,$0.02,$0.01,$0.01,1763
RFK Jr.,4/23/2024 12:00:00 AM,$0.01,$0.02,$0.01,$0.02,5294
Biden,4/24/2024 12:00:00 AM,$0.89,$0.90,$0.89,$0.89,2434
Harris,4/24/2024 12:00:00 AM,$0.05,$0.05,$0.05,$0.05,0
Sanders,4/24/2024 12:00:00 AM,$0.01,$0.01,$0.01,$0.01,0
Clinton,4/24/2024 12:00:00 AM,$0.01,$0.02,$0.01,$0.02,1
Buttigieg,4/24/2024 12:00:00 AM,$0.01,$0.01,$0.01,$0.01,0
Warren,4/24/2024 12:00:00 AM,$0.01,$0.01,$0.01,$0.01,0
AOC,4/24/2024 12:00:00 AM,$0.01,$0.01,$0.01,$0.01,0
Brown,4/24/2024 12:00:00 AM,$0.01,$0.01,$0.01,$0.01,0
Abrams,4/24/2024 12:00:00 AM,$0.01,$0.01,$0.01,$0.01,0
Klobuchar,4/24/2024 12:00:00 AM,$0.01,$0.01,$0.01,$0.01,0
Newsom,4/24/2024 12:00:00 AM,$0.06,$0.06,$0.05,$0.06,1459
Pritzker,4/24/2024 12:00:00 AM,$0.01,$0.01,$0.01,$0.01,0
RFK Jr.,4/24/2024 12:00:00 AM,$0.02,$0.02,$0.01,$0.01,97
Biden,4/25/2024 12:00:00 AM,$0.89,$0.90,$0.89,$0.90,4572
Harris,4/25/2024 12:00:00 AM,$0.05,$0.05,$0.04,$0.05,805
Sanders,4/25/2024 12:00:00 AM,$0.01,$0.01,$0.01,$0.01,0
Clinton,4/25/2024 12:00:00 AM,$0.02,$0.02,$0.01,$0.02,71
Buttigieg,4/25/2024 12:00:00 AM,$0.01,$0.01,$0.01,$0.01,0
Warren,4/25/2024 12:00:00 AM,$0.01,$0.01,$0.01,$0.01,0
AOC,4/25/2024 12:00:00 AM,$0.01,$0.01,$0.01,$0.01,0
Brown,4/25/2024 12:00:00 AM,$0.01,$0.01,$0.01,$0.01,0
Abrams,4/25/2024 12:00:00 AM,$0.01,$0.01,$0.01,$0.01,0
Klobuchar,4/25/2024 12:00:00 AM,$0.01,$0.01,$0.01,$0.01,0
Newsom,4/25/2024 12:00:00 AM,$0.06,$0.06,$0.04,$0.06,4899
Pritzker,4/25/2024 12:00:00 AM,$0.01,$0.02,$0.01,$0.01,83
RFK Jr.,4/25/2024 12:00:00 AM,$0.01,$0.01,$0.01,$0.01,1
Biden,4/26/2024 12:00:00 AM,$0.90,$0.90,$0.89,$0.90,1439
Harris,4/26/2024 12:00:00 AM,$0.05,$0.05,$0.04,$0.04,15
Sanders,4/26/2024 12:00:00 AM,$0.01,$0.01,$0.01,$0.01,0
Clinton,4/26/2024 12:00:00 AM,$0.02,$0.02,$0.01,$0.01,26
Buttigieg,4/26/2024 12:00:00 AM,$0.01,$0.01,$0.01,$0.01,0
Warren,4/26/2024 12:00:00 AM,$0.01,$0.01,$0.01,$0.01,0
AOC,4/26/2024 12:00:00 AM,$0.01,$0.01,$0.01,$0.01,0
Brown,4/26/2024 12:00:00 AM,$0.01,$0.01,$0.01,$0.01,0
Abrams,4/26/2024 12:00:00 AM,$0.01,$0.01,$0.01,$0.01,0
Klobuchar,4/26/2024 12:00:00 AM,$0.01,$0.01,$0.01,$0.01,0
Newsom,4/26/2024 12:00:00 AM,$0.06,$0.06,$0.05,$0.05,269
Pritzker,4/26/2024 12:00:00 AM,$0.01,$0.01,$0.01,$0.01,31
RFK Jr.,4/26/2024 12:00:00 AM,$0.01,$0.02,$0.01,$0.01,871
Biden,4/27/2024 12:00:00 AM,$0.90,$0.90,$0.89,$0.89,644
Harris,4/27/2024 12:00:00 AM,$0.04,$0.04,$0.04,$0.04,0
Sanders,4/27/2024 12:00:00 AM,$0.01,$0.01,$0.01,$0.01,0
Clinton,4/27/2024 12:00:00 AM,$0.01,$0.01,$0.01,$0.01,0
Buttigieg,4/27/2024 12:00:00 AM,$0.01,$0.01,$0.01,$0.01,0
Warren,4/27/2024 12:00:00 AM,$0.01,$0.01,$0.01,$0.01,0
AOC,4/27/2024 12:00:00 AM,$0.01,$0.01,$0.01,$0.01,0
Brown,4/27/2024 12:00:00 AM,$0.01,$0.01,$0.01,$0.01,0
Abrams,4/27/2024 12:00:00 AM,$0.01,$0.01,$0.01,$0.01,0
Klobuchar,4/27/2024 12:00:00 AM,$0.01,$0.01,$0.01,$0.01,0
Newsom,4/27/2024 12:00:00 AM,$0.05,$0.05,$0.05,$0.05,501
Pritzker,4/27/2024 12:00:00 AM,$0.01,$0.01,$0.01,$0.01,0
RFK Jr.,4/27/2024 12:00:00 AM,$0.01,$0.01,$0.01,$0.01,525
Biden,4/28/2024 12:00:00 AM,$0.89,$0.90,$0.89,$0.90,2069
Harris,4/28/2024 12:00:00 AM,$0.04,$0.05,$0.04,$0.04,956
Sanders,4/28/2024 12:00:00 AM,$0.01,$0.01,$0.01,$0.01,0
Clinton,4/28/2024 12:00:00 AM,$0.01,$0.01,$0.01,$0.01,51
Buttigieg,4/28/2024 12:00:00 AM,$0.01,$0.01,$0.01,$0.01,0
Warren,4/28/2024 12:00:00 AM,$0.01,$0.01,$0.01,$0.01,0
AOC,4/28/2024 12:00:00 AM,$0.01,$0.01,$0.01,$0.01,0
Brown,4/28/2024 12:00:00 AM,$0.01,$0.01,$0.01,$0.01,0
Abrams,4/28/2024 12:00:00 AM,$0.01,$0.01,$0.01,$0.01,0
Klobuchar,4/28/2024 12:00:00 AM,$0.01,$0.01,$0.01,$0.01,0
Newsom,4/28/2024 12:00:00 AM,$0.05,$0.06,$0.05,$0.06,96
Pritzker,4/28/2024 12:00:00 AM,$0.01,$0.01,$0.01,$0.01,0
RFK Jr.,4/28/2024 12:00:00 AM,$0.01,$0.02,$0.01,$0.01,1767
Biden,4/29/2024 12:00:00 AM,$0.90,$0.90,$0.88,$0.89,3480
Harris,4/29/2024 12:00:00 AM,$0.04,$0.05,$0.04,$0.05,2
Sanders,4/29/2024 12:00:00 AM,$0.01,$0.01,$0.01,$0.01,0
Clinton,4/29/2024 12:00:00 AM,$0.01,$0.02,$0.01,$0.01,3
Buttigieg,4/29/2024 12:00:00 AM,$0.01,$0.01,$0.01,$0.01,0
Warren,4/29/2024 12:00:00 AM,$0.01,$0.01,$0.01,$0.01,0
AOC,4/29/2024 12:00:00 AM,$0.01,$0.01,$0.01,$0.01,0
Brown,4/29/2024 12:00:00 AM,$0.01,$0.01,$0.01,$0.01,0
Abrams,4/29/2024 12:00:00 AM,$0.01,$0.01,$0.01,$0.01,0
Klobuchar,4/29/2024 12:00:00 AM,$0.01,$0.01,$0.01,$0.01,0
Newsom,4/29/2024 12:00:00 AM,$0.06,$0.06,$0.05,$0.06,199
Pritzker,4/29/2024 12:00:00 AM,$0.01,$0.01,$0.01,$0.01,1367
RFK Jr.,4/29/2024 12:00:00 AM,$0.01,$0.02,$0.01,$0.01,1798
Biden,4/30/2024 12:00:00 AM,$0.89,$0.89,$0.88,$0.88,3914
Harris,4/30/2024 12:00:00 AM,$0.05,$0.05,$0.04,$0.04,1670
Sanders,4/30/2024 12:00:00 AM,$0.01,$0.01,$0.01,$0.01,0
Clinton,4/30/2024 12:00:00 AM,$0.01,$0.02,$0.01,$0.01,1601
Buttigieg,4/30/2024 12:00:00 AM,$0.01,$0.01,$0.01,$0.01,0
Warren,4/30/2024 12:00:00 AM,$0.01,$0.01,$0.01,$0.01,0
AOC,4/30/2024 12:00:00 AM,$0.01,$0.01,$0.01,$0.01,0
Brown,4/30/2024 12:00:00 AM,$0.01,$0.01,$0.01,$0.01,0
Abrams,4/30/2024 12:00:00 AM,$0.01,$0.01,$0.01,$0.01,0
Klobuchar,4/30/2024 12:00:00 AM,$0.01,$0.01,$0.01,$0.01,0
Newsom,4/30/2024 12:00:00 AM,$0.06,$0.06,$0.05,$0.06,1700
Pritzker,4/30/2024 12:00:00 AM,$0.01,$0.01,$0.01,$0.01,858
RFK Jr.,4/30/2024 12:00:00 AM,$0.01,$0.02,$0.01,$0.01,1259
Biden,5/1/2024 12:00:00 AM,$0.88,$0.89,$0.87,$0.87,2221
Harris,5/1/2024 12:00:00 AM,$0.04,$0.04,$0.04,$0.04,117
Sanders,5/1/2024 12:00:00 AM,$0.01,$0.01,$0.01,$0.01,0
Clinton,5/1/2024 12:00:00 AM,$0.01,$0.01,$0.01,$0.01,2
Buttigieg,5/1/2024 12:00:00 AM,$0.01,$0.01,$0.01,$0.01,0
Warren,5/1/2024 12:00:00 AM,$0.01,$0.01,$0.01,$0.01,0
AOC,5/1/2024 12:00:00 AM,$0.01,$0.01,$0.01,$0.01,0
Brown,5/1/2024 12:00:00 AM,$0.01,$0.01,$0.01,$0.01,0
Abrams,5/1/2024 12:00:00 AM,$0.01,$0.01,$0.01,$0.01,1
Klobuchar,5/1/2024 12:00:00 AM,$0.01,$0.01,$0.01,$0.01,0
Newsom,5/1/2024 12:00:00 AM,$0.06,$0.06,$0.05,$0.05,7365
Pritzker,5/1/2024 12:00:00 AM,$0.01,$0.01,$0.01,$0.01,2
RFK Jr.,5/1/2024 12:00:00 AM,$0.01,$0.01,$0.01,$0.01,692
Biden,5/2/2024 12:00:00 AM,$0.87,$0.89,$0.87,$0.88,3115
Harris,5/2/2024 12:00:00 AM,$0.04,$0.04,$0.04,$0.04,11870
Sanders,5/2/2024 12:00:00 AM,$0.01,$0.01,$0.01,$0.01,0
Clinton,5/2/2024 12:00:00 AM,$0.01,$0.01,$0.01,$0.01,191
Buttigieg,5/2/2024 12:00:00 AM,$0.01,$0.01,$0.01,$0.01,0
Warren,5/2/2024 12:00:00 AM,$0.01,$0.01,$0.01,$0.01,0
AOC,5/2/2024 12:00:00 AM,$0.01,$0.01,$0.01,$0.01,0
Brown,5/2/2024 12:00:00 AM,$0.01,$0.01,$0.01,$0.01,0
Abrams,5/2/2024 12:00:00 AM,$0.01,$0.01,$0.01,$0.01,0
Klobuchar,5/2/2024 12:00:00 AM,$0.01,$0.01,$0.01,$0.01,0
Newsom,5/2/2024 12:00:00 AM,$0.05,$0.06,$0.05,$0.06,668
Pritzker,5/2/2024 12:00:00 AM,$0.01,$0.01,$0.01,$0.01,0
RFK Jr.,5/2/2024 12:00:00 AM,$0.01,$0.01,$0.01,$0.01,876
Biden,5/3/2024 12:00:00 AM,$0.88,$0.88,$0.87,$0.88,1440
Harris,5/3/2024 12:00:00 AM,$0.04,$0.04,$0.04,$0.04,916
Sanders,5/3/2024 12:00:00 AM,$0.01,$0.01,$0.01,$0.01,1
Clinton,5/3/2024 12:00:00 AM,$0.01,$0.01,$0.01,$0.01,401
Buttigieg,5/3/2024 12:00:00 AM,$0.01,$0.01,$0.01,$0.01,0
Warren,5/3/2024 12:00:00 AM,$0.01,$0.01,$0.01,$0.01,0
AOC,5/3/2024 12:00:00 AM,$0.01,$0.01,$0.01,$0.01,0
Brown,5/3/2024 12:00:00 AM,$0.01,$0.01,$0.01,$0.01,0
Abrams,5/3/2024 12:00:00 AM,$0.01,$0.01,$0.01,$0.01,0
Klobuchar,5/3/2024 12:00:00 AM,$0.01,$0.01,$0.01,$0.01,0
Newsom,5/3/2024 12:00:00 AM,$0.06,$0.06,$0.05,$0.06,1606
Pritzker,5/3/2024 12:00:00 AM,$0.01,$0.01,$0.01,$0.01,14
RFK Jr.,5/3/2024 12:00:00 AM,$0.01,$0.01,$0.01,$0.01,103
Biden,5/4/2024 12:00:00 AM,$0.88,$0.88,$0.84,$0.88,10759
Harris,5/4/2024 12:00:00 AM,$0.04,$0.04,$0.04,$0.04,114
Sanders,5/4/2024 12:00:00 AM,$0.01,$0.01,$0.01,$0.01,0
Clinton,5/4/2024 12:00:00 AM,$0.01,$0.02,$0.01,$0.02,109
Buttigieg,5/4/2024 12:00:00 AM,$0.01,$0.01,$0.01,$0.01,0
Warren,5/4/2024 12:00:00 AM,$0.01,$0.01,$0.01,$0.01,0
AOC,5/4/2024 12:00:00 AM,$0.01,$0.01,$0.01,$0.01,0
Brown,5/4/2024 12:00:00 AM,$0.01,$0.01,$0.01,$0.01,0
Abrams,5/4/2024 12:00:00 AM,$0.01,$0.01,$0.01,$0.01,0
Klobuchar,5/4/2024 12:00:00 AM,$0.01,$0.01,$0.01,$0.01,0
Newsom,5/4/2024 12:00:00 AM,$0.06,$0.06,$0.05,$0.06,128
Pritzker,5/4/2024 12:00:00 AM,$0.01,$0.02,$0.01,$0.02,45
RFK Jr.,5/4/2024 12:00:00 AM,$0.01,$0.01,$0.01,$0.01,53
Biden,5/5/2024 12:00:00 AM,$0.88,$0.88,$0.85,$0.86,6477
Harris,5/5/2024 12:00:00 AM,$0.04,$0.04,$0.03,$0.04,243
Sanders,5/5/2024 12:00:00 AM,$0.01,$0.01,$0.01,$0.01,0
Clinton,5/5/2024 12:00:00 AM,$0.02,$0.02,$0.01,$0.02,76
Buttigieg,5/5/2024 12:00:00 AM,$0.01,$0.01,$0.01,$0.01,0
Warren,5/5/2024 12:00:00 AM,$0.01,$0.01,$0.01,$0.01,0
AOC,5/5/2024 12:00:00 AM,$0.01,$0.01,$0.01,$0.01,0
Brown,5/5/2024 12:00:00 AM,$0.01,$0.01,$0.01,$0.01,0
Abrams,5/5/2024 12:00:00 AM,$0.01,$0.01,$0.01,$0.01,0
Klobuchar,5/5/2024 12:00:00 AM,$0.01,$0.01,$0.01,$0.01,0
Newsom,5/5/2024 12:00:00 AM,$0.06,$0.08,$0.06,$0.06,7576
Pritzker,5/5/2024 12:00:00 AM,$0.02,$0.02,$0.02,$0.02,0
RFK Jr.,5/5/2024 12:00:00 AM,$0.01,$0.01,$0.01,$0.01,10056
Biden,5/6/2024 12:00:00 AM,$0.86,$0.87,$0.85,$0.87,1906
Harris,5/6/2024 12:00:00 AM,$0.04,$0.04,$0.03,$0.04,78
Sanders,5/6/2024 12:00:00 AM,$0.01,$0.01,$0.01,$0.01,0
Clinton,5/6/2024 12:00:00 AM,$0.02,$0.02,$0.01,$0.01,11
Buttigieg,5/6/2024 12:00:00 AM,$0.01,$0.01,$0.01,$0.01,26
Warren,5/6/2024 12:00:00 AM,$0.01,$0.01,$0.01,$0.01,0
AOC,5/6/2024 12:00:00 AM,$0.01,$0.01,$0.01,$0.01,0
Brown,5/6/2024 12:00:00 AM,$0.01,$0.01,$0.01,$0.01,0
Abrams,5/6/2024 12:00:00 AM,$0.01,$0.01,$0.01,$0.01,0
Klobuchar,5/6/2024 12:00:00 AM,$0.01,$0.01,$0.01,$0.01,0
Newsom,5/6/2024 12:00:00 AM,$0.06,$0.08,$0.06,$0.08,431
Pritzker,5/6/2024 12:00:00 AM,$0.02,$0.02,$0.01,$0.01,11
RFK Jr.,5/6/2024 12:00:00 AM,$0.01,$0.01,$0.01,$0.01,1494
Biden,5/7/2024 12:00:00 AM,$0.87,$0.88,$0.86,$0.86,4049
Harris,5/7/2024 12:00:00 AM,$0.04,$0.04,$0.03,$0.03,106
Sanders,5/7/2024 12:00:00 AM,$0.01,$0.01,$0.01,$0.01,0
Clinton,5/7/2024 12:00:00 AM,$0.01,$0.02,$0.01,$0.01,228
Buttigieg,5/7/2024 12:00:00 AM,$0.01,$0.01,$0.01,$0.01,0
Warren,5/7/2024 12:00:00 AM,$0.01,$0.01,$0.01,$0.01,0
AOC,5/7/2024 12:00:00 AM,$0.01,$0.01,$0.01,$0.01,0
Brown,5/7/2024 12:00:00 AM,$0.01,$0.01,$0.01,$0.01,0
Abrams,5/7/2024 12:00:00 AM,$0.01,$0.01,$0.01,$0.01,0
Klobuchar,5/7/2024 12:00:00 AM,$0.01,$0.01,$0.01,$0.01,0
Newsom,5/7/2024 12:00:00 AM,$0.08,$0.08,$0.05,$0.06,9479
Pritzker,5/7/2024 12:00:00 AM,$0.01,$0.01,$0.01,$0.01,257
RFK Jr.,5/7/2024 12:00:00 AM,$0.01,$0.02,$0.01,$0.01,2020
Biden,5/8/2024 12:00:00 AM,$0.86,$0.88,$0.86,$0.86,2718
Harris,5/8/2024 12:00:00 AM,$0.03,$0.04,$0.03,$0.03,357
Sanders,5/8/2024 12:00:00 AM,$0.01,$0.01,$0.01,$0.01,0
Clinton,5/8/2024 12:00:00 AM,$0.01,$0.01,$0.01,$0.01,25
Buttigieg,5/8/2024 12:00:00 AM,$0.01,$0.01,$0.01,$0.01,0
Warren,5/8/2024 12:00:00 AM,$0.01,$0.01,$0.01,$0.01,0
AOC,5/8/2024 12:00:00 AM,$0.01,$0.01,$0.01,$0.01,0
Brown,5/8/2024 12:00:00 AM,$0.01,$0.01,$0.01,$0.01,0
Abrams,5/8/2024 12:00:00 AM,$0.01,$0.01,$0.01,$0.01,0
Klobuchar,5/8/2024 12:00:00 AM,$0.01,$0.01,$0.01,$0.01,0
Newsom,5/8/2024 12:00:00 AM,$0.06,$0.07,$0.06,$0.07,615
Pritzker,5/8/2024 12:00:00 AM,$0.01,$0.01,$0.01,$0.01,35
RFK Jr.,5/8/2024 12:00:00 AM,$0.01,$0.01,$0.01,$0.01,1
Biden,5/9/2024 12:00:00 AM,$0.86,$0.88,$0.86,$0.87,2537
Harris,5/9/2024 12:00:00 AM,$0.03,$0.04,$0.03,$0.04,468
Sanders,5/9/2024 12:00:00 AM,$0.01,$0.01,$0.01,$0.01,0
Clinton,5/9/2024 12:00:00 AM,$0.01,$0.01,$0.01,$0.01,69
Buttigieg,5/9/2024 12:00:00 AM,$0.01,$0.01,$0.01,$0.01,76
Warren,5/9/2024 12:00:00 AM,$0.01,$0.01,$0.01,$0.01,0
AOC,5/9/2024 12:00:00 AM,$0.01,$0.01,$0.01,$0.01,0
Brown,5/9/2024 12:00:00 AM,$0.01,$0.01,$0.01,$0.01,0
Abrams,5/9/2024 12:00:00 AM,$0.01,$0.01,$0.01,$0.01,0
Klobuchar,5/9/2024 12:00:00 AM,$0.01,$0.01,$0.01,$0.01,0
Newsom,5/9/2024 12:00:00 AM,$0.07,$0.07,$0.06,$0.06,124
Pritzker,5/9/2024 12:00:00 AM,$0.01,$0.01,$0.01,$0.01,29
RFK Jr.,5/9/2024 12:00:00 AM,$0.01,$0.01,$0.01,$0.01,0
Biden,5/10/2024 12:00:00 AM,$0.87,$0.88,$0.85,$0.86,6564
Harris,5/10/2024 12:00:00 AM,$0.04,$0.04,$0.03,$0.04,1455
Sanders,5/10/2024 12:00:00 AM,$0.01,$0.01,$0.01,$0.01,10
Clinton,5/10/2024 12:00:00 AM,$0.01,$0.02,$0.01,$0.02,1622
Buttigieg,5/10/2024 12:00:00 AM,$0.01,$0.01,$0.01,$0.01,457
Warren,5/10/2024 12:00:00 AM,$0.01,$0.01,$0.01,$0.01,10
AOC,5/10/2024 12:00:00 AM,$0.01,$0.01,$0.01,$0.01,10
Brown,5/10/2024 12:00:00 AM,$0.01,$0.01,$0.01,$0.01,10
Abrams,5/10/2024 12:00:00 AM,$0.01,$0.01,$0.01,$0.01,10
Klobuchar,5/10/2024 12:00:00 AM,$0.01,$0.01,$0.01,$0.01,10
Newsom,5/10/2024 12:00:00 AM,$0.06,$0.06,$0.06,$0.06,1899
Pritzker,5/10/2024 12:00:00 AM,$0.01,$0.02,$0.01,$0.02,624
RFK Jr.,5/10/2024 12:00:00 AM,$0.01,$0.01,$0.01,$0.01,712
Biden,5/11/2024 12:00:00 AM,$0.86,$0.88,$0.85,$0.87,6133
Harris,5/11/2024 12:00:00 AM,$0.04,$0.04,$0.03,$0.04,1493
Sanders,5/11/2024 12:00:00 AM,$0.01,$0.01,$0.01,$0.01,0
Clinton,5/11/2024 12:00:00 AM,$0.02,$0.02,$0.01,$0.01,1026
Buttigieg,5/11/2024 12:00:00 AM,$0.01,$0.01,$0.01,$0.01,857
Warren,5/11/2024 12:00:00 AM,$0.01,$0.01,$0.01,$0.01,857
AOC,5/11/2024 12:00:00 AM,$0.01,$0.01,$0.01,$0.01,0
Brown,5/11/2024 12:00:00 AM,$0.01,$0.01,$0.01,$0.01,0
Abrams,5/11/2024 12:00:00 AM,$0.01,$0.01,$0.01,$0.01,0
Klobuchar,5/11/2024 12:00:00 AM,$0.01,$0.01,$0.01,$0.01,857
Newsom,5/11/2024 12:00:00 AM,$0.06,$0.07,$0.05,$0.06,1243
Pritzker,5/11/2024 12:00:00 AM,$0.02,$0.02,$0.01,$0.02,869
RFK Jr.,5/11/2024 12:00:00 AM,$0.01,$0.01,$0.01,$0.01,883
Biden,5/12/2024 12:00:00 AM,$0.87,$0.88,$0.86,$0.88,3352
Harris,5/12/2024 12:00:00 AM,$0.04,$0.04,$0.03,$0.03,478
Sanders,5/12/2024 12:00:00 AM,$0.01,$0.01,$0.01,$0.01,0
Clinton,5/12/2024 12:00:00 AM,$0.01,$0.02,$0.01,$0.02,25
Buttigieg,5/12/2024 12:00:00 AM,$0.01,$0.01,$0.01,$0.01,5000
Warren,5/12/2024 12:00:00 AM,$0.01,$0.01,$0.01,$0.01,0
AOC,5/12/2024 12:00:00 AM,$0.01,$0.01,$0.01,$0.01,0
Brown,5/12/2024 12:00:00 AM,$0.01,$0.01,$0.01,$0.01,0
Abrams,5/12/2024 12:00:00 AM,$0.01,$0.01,$0.01,$0.01,0
Klobuchar,5/12/2024 12:00:00 AM,$0.01,$0.01,$0.01,$0.01,0
Newsom,5/12/2024 12:00:00 AM,$0.06,$0.07,$0.06,$0.06,1132
Pritzker,5/12/2024 12:00:00 AM,$0.02,$0.02,$0.02,$0.02,0
RFK Jr.,5/12/2024 12:00:00 AM,$0.01,$0.01,$0.01,$0.01,0
Biden,5/13/2024 12:00:00 AM,$0.88,$0.88,$0.86,$0.86,5289
Harris,5/13/2024 12:00:00 AM,$0.03,$0.04,$0.03,$0.03,7841
Sanders,5/13/2024 12:00:00 AM,$0.01,$0.01,$0.01,$0.01,0
Clinton,5/13/2024 12:00:00 AM,$0.02,$0.02,$0.01,$0.01,1978
Buttigieg,5/13/2024 12:00:00 AM,$0.01,$0.01,$0.01,$0.01,1022
Warren,5/13/2024 12:00:00 AM,$0.01,$0.01,$0.01,$0.01,0
AOC,5/13/2024 12:00:00 AM,$0.01,$0.01,$0.01,$0.01,0
Brown,5/13/2024 12:00:00 AM,$0.01,$0.01,$0.01,$0.01,0
Abrams,5/13/2024 12:00:00 AM,$0.01,$0.01,$0.01,$0.01,0
Klobuchar,5/13/2024 12:00:00 AM,$0.01,$0.01,$0.01,$0.01,0
Newsom,5/13/2024 12:00:00 AM,$0.06,$0.07,$0.05,$0.07,6176
Pritzker,5/13/2024 12:00:00 AM,$0.02,$0.02,$0.01,$0.01,1858
RFK Jr.,5/13/2024 12:00:00 AM,$0.01,$0.01,$0.01,$0.01,0
Biden,5/14/2024 12:00:00 AM,$0.86,$0.88,$0.86,$0.86,7622
Harris,5/14/2024 12:00:00 AM,$0.03,$0.04,$0.03,$0.04,1152
Sanders,5/14/2024 12:00:00 AM,$0.01,$0.01,$0.01,$0.01,0
Clinton,5/14/2024 12:00:00 AM,$0.01,$0.02,$0.01,$0.01,913
Buttigieg,5/14/2024 12:00:00 AM,$0.01,$0.01,$0.01,$0.01,0
Warren,5/14/2024 12:00:00 AM,$0.01,$0.01,$0.01,$0.01,0
AOC,5/14/2024 12:00:00 AM,$0.01,$0.01,$0.01,$0.01,0
Brown,5/14/2024 12:00:00 AM,$0.01,$0.01,$0.01,$0.01,0
Abrams,5/14/2024 12:00:00 AM,$0.01,$0.01,$0.01,$0.01,0
Klobuchar,5/14/2024 12:00:00 AM,$0.01,$0.01,$0.01,$0.01,0
Newsom,5/14/2024 12:00:00 AM,$0.07,$0.07,$0.05,$0.06,2773
Pritzker,5/14/2024 12:00:00 AM,$0.01,$0.02,$0.01,$0.01,79
RFK Jr.,5/14/2024 12:00:00 AM,$0.01,$0.01,$0.01,$0.01,0
Biden,5/15/2024 12:00:00 AM,$0.86,$0.87,$0.85,$0.86,13489
Harris,5/15/2024 12:00:00 AM,$0.04,$0.04,$0.03,$0.03,100
Sanders,5/15/2024 12:00:00 AM,$0.01,$0.01,$0.01,$0.01,0
Clinton,5/15/2024 12:00:00 AM,$0.01,$0.02,$0.01,$0.02,5
Buttigieg,5/15/2024 12:00:00 AM,$0.01,$0.01,$0.01,$0.01,40
Warren,5/15/2024 12:00:00 AM,$0.01,$0.01,$0.01,$0.01,0
AOC,5/15/2024 12:00:00 AM,$0.01,$0.01,$0.01,$0.01,0
Brown,5/15/2024 12:00:00 AM,$0.01,$0.01,$0.01,$0.01,0
Abrams,5/15/2024 12:00:00 AM,$0.01,$0.01,$0.01,$0.01,0
Klobuchar,5/15/2024 12:00:00 AM,$0.01,$0.01,$0.01,$0.01,0
Newsom,5/15/2024 12:00:00 AM,$0.06,$0.07,$0.05,$0.06,3219
Pritzker,5/15/2024 12:00:00 AM,$0.01,$0.01,$0.01,$0.01,0
RFK Jr.,5/15/2024 12:00:00 AM,$0.01,$0.01,$0.01,$0.01,4320
Biden,5/16/2024 12:00:00 AM,$0.86,$0.88,$0.85,$0.88,6944
Harris,5/16/2024 12:00:00 AM,$0.03,$0.04,$0.03,$0.04,1619
Sanders,5/16/2024 12:00:00 AM,$0.01,$0.01,$0.01,$0.01,0
Clinton,5/16/2024 12:00:00 AM,$0.02,$0.02,$0.01,$0.01,10
Buttigieg,5/16/2024 12:00:00 AM,$0.01,$0.01,$0.01,$0.01,2000
Warren,5/16/2024 12:00:00 AM,$0.01,$0.01,$0.01,$0.01,0
AOC,5/16/2024 12:00:00 AM,$0.01,$0.01,$0.01,$0.01,0
Brown,5/16/2024 12:00:00 AM,$0.01,$0.01,$0.01,$0.01,0
Abrams,5/16/2024 12:00:00 AM,$0.01,$0.01,$0.01,$0.01,0
Klobuchar,5/16/2024 12:00:00 AM,$0.01,$0.01,$0.01,$0.01,0
Newsom,5/16/2024 12:00:00 AM,$0.06,$0.06,$0.05,$0.06,2095
Pritzker,5/16/2024 12:00:00 AM,$0.01,$0.01,$0.01,$0.01,5
RFK Jr.,5/16/2024 12:00:00 AM,$0.01,$0.01,$0.01,$0.01,100
Biden,5/17/2024 12:00:00 AM,$0.88,$0.88,$0.85,$0.86,7312
Harris,5/17/2024 12:00:00 AM,$0.04,$0.04,$0.03,$0.03,3798
Sanders,5/17/2024 12:00:00 AM,$0.01,$0.01,$0.01,$0.01,0
Clinton,5/17/2024 12:00:00 AM,$0.01,$0.01,$0.01,$0.01,2
Buttigieg,5/17/2024 12:00:00 AM,$0.01,$0.01,$0.01,$0.01,0
Warren,5/17/2024 12:00:00 AM,$0.01,$0.01,$0.01,$0.01,0
AOC,5/17/2024 12:00:00 AM,$0.01,$0.01,$0.01,$0.01,0
Brown,5/17/2024 12:00:00 AM,$0.01,$0.01,$0.01,$0.01,0
Abrams,5/17/2024 12:00:00 AM,$0.01,$0.01,$0.01,$0.01,0
Klobuchar,5/17/2024 12:00:00 AM,$0.01,$0.01,$0.01,$0.01,0
Newsom,5/17/2024 12:00:00 AM,$0.06,$0.07,$0.05,$0.06,6305
Pritzker,5/17/2024 12:00:00 AM,$0.01,$0.01,$0.01,$0.01,955
RFK Jr.,5/17/2024 12:00:00 AM,$0.01,$0.01,$0.01,$0.01,0
Biden,5/18/2024 12:00:00 AM,$0.86,$0.87,$0.86,$0.86,6008
Harris,5/18/2024 12:00:00 AM,$0.03,$0.04,$0.03,$0.03,2420
Sanders,5/18/2024 12:00:00 AM,$0.01,$0.01,$0.01,$0.01,0
Clinton,5/18/2024 12:00:00 AM,$0.01,$0.01,$0.01,$0.01,0
Buttigieg,5/18/2024 12:00:00 AM,$0.01,$0.01,$0.01,$0.01,1000
Warren,5/18/2024 12:00:00 AM,$0.01,$0.01,$0.01,$0.01,0
AOC,5/18/2024 12:00:00 AM,$0.01,$0.01,$0.01,$0.01,0
Brown,5/18/2024 12:00:00 AM,$0.01,$0.01,$0.01,$0.01,0
Abrams,5/18/2024 12:00:00 AM,$0.01,$0.01,$0.01,$0.01,0
Klobuchar,5/18/2024 12:00:00 AM,$0.01,$0.01,$0.01,$0.01,0
Newsom,5/18/2024 12:00:00 AM,$0.06,$0.07,$0.06,$0.07,1918
Pritzker,5/18/2024 12:00:00 AM,$0.01,$0.01,$0.01,$0.01,0
RFK Jr.,5/18/2024 12:00:00 AM,$0.01,$0.01,$0.01,$0.01,0
Biden,5/19/2024 12:00:00 AM,$0.86,$0.87,$0.86,$0.87,1176
Harris,5/19/2024 12:00:00 AM,$0.03,$0.04,$0.03,$0.04,1079
Sanders,5/19/2024 12:00:00 AM,$0.01,$0.01,$0.01,$0.01,0
Clinton,5/19/2024 12:00:00 AM,$0.01,$0.01,$0.01,$0.01,0
Buttigieg,5/19/2024 12:00:00 AM,$0.01,$0.01,$0.01,$0.01,1000
Warren,5/19/2024 12:00:00 AM,$0.01,$0.01,$0.01,$0.01,0
AOC,5/19/2024 12:00:00 AM,$0.01,$0.01,$0.01,$0.01,0
Brown,5/19/2024 12:00:00 AM,$0.01,$0.01,$0.01,$0.01,0
Abrams,5/19/2024 12:00:00 AM,$0.01,$0.01,$0.01,$0.01,0
Klobuchar,5/19/2024 12:00:00 AM,$0.01,$0.01,$0.01,$0.01,0
Newsom,5/19/2024 12:00:00 AM,$0.07,$0.07,$0.06,$0.06,1105
Pritzker,5/19/2024 12:00:00 AM,$0.01,$0.01,$0.01,$0.01,500
RFK Jr.,5/19/2024 12:00:00 AM,$0.01,$0.01,$0.01,$0.01,0
Biden,5/20/2024 12:00:00 AM,$0.87,$0.87,$0.84,$0.84,7650
Harris,5/20/2024 12:00:00 AM,$0.04,$0.04,$0.03,$0.04,1318
Sanders,5/20/2024 12:00:00 AM,$0.01,$0.01,$0.01,$0.01,0
Clinton,5/20/2024 12:00:00 AM,$0.01,$0.02,$0.01,$0.02,1071
Buttigieg,5/20/2024 12:00:00 AM,$0.01,$0.01,$0.01,$0.01,0
Warren,5/20/2024 12:00:00 AM,$0.01,$0.01,$0.01,$0.01,0
AOC,5/20/2024 12:00:00 AM,$0.01,$0.01,$0.01,$0.01,0
Brown,5/20/2024 12:00:00 AM,$0.01,$0.01,$0.01,$0.01,0
Abrams,5/20/2024 12:00:00 AM,$0.01,$0.01,$0.01,$0.01,0
Klobuchar,5/20/2024 12:00:00 AM,$0.01,$0.01,$0.01,$0.01,0
Newsom,5/20/2024 12:00:00 AM,$0.06,$0.08,$0.06,$0.08,2948
Pritzker,5/20/2024 12:00:00 AM,$0.01,$0.02,$0.01,$0.02,1363
RFK Jr.,5/20/2024 12:00:00 AM,$0.01,$0.02,$0.01,$0.01,2697
Biden,5/21/2024 12:00:00 AM,$0.84,$0.86,$0.83,$0.84,6210
Harris,5/21/2024 12:00:00 AM,$0.04,$0.05,$0.04,$0.05,16437
Sanders,5/21/2024 12:00:00 AM,$0.01,$0.01,$0.01,$0.01,0
Clinton,5/21/2024 12:00:00 AM,$0.02,$0.02,$0.01,$0.01,2951
Buttigieg,5/21/2024 12:00:00 AM,$0.01,$0.01,$0.01,$0.01,0
Warren,5/21/2024 12:00:00 AM,$0.01,$0.01,$0.01,$0.01,0
AOC,5/21/2024 12:00:00 AM,$0.01,$0.01,$0.01,$0.01,0
Brown,5/21/2024 12:00:00 AM,$0.01,$0.01,$0.01,$0.01,0
Abrams,5/21/2024 12:00:00 AM,$0.01,$0.01,$0.01,$0.01,0
Klobuchar,5/21/2024 12:00:00 AM,$0.01,$0.01,$0.01,$0.01,0
Newsom,5/21/2024 12:00:00 AM,$0.08,$0.08,$0.06,$0.07,7013
Pritzker,5/21/2024 12:00:00 AM,$0.02,$0.02,$0.01,$0.01,850
RFK Jr.,5/21/2024 12:00:00 AM,$0.01,$0.02,$0.01,$0.01,4187
Biden,5/22/2024 12:00:00 AM,$0.84,$0.85,$0.83,$0.85,7704
Harris,5/22/2024 12:00:00 AM,$0.05,$0.05,$0.04,$0.04,1291
Sanders,5/22/2024 12:00:00 AM,$0.01,$0.01,$0.01,$0.01,0
Clinton,5/22/2024 12:00:00 AM,$0.01,$0.02,$0.01,$0.01,127
Buttigieg,5/22/2024 12:00:00 AM,$0.01,$0.01,$0.01,$0.01,0
Warren,5/22/2024 12:00:00 AM,$0.01,$0.01,$0.01,$0.01,0
AOC,5/22/2024 12:00:00 AM,$0.01,$0.01,$0.01,$0.01,0
Brown,5/22/2024 12:00:00 AM,$0.01,$0.01,$0.01,$0.01,0
Abrams,5/22/2024 12:00:00 AM,$0.01,$0.01,$0.01,$0.01,0
Klobuchar,5/22/2024 12:00:00 AM,$0.01,$0.01,$0.01,$0.01,0
Newsom,5/22/2024 12:00:00 AM,$0.07,$0.08,$0.07,$0.07,3322
Pritzker,5/22/2024 12:00:00 AM,$0.01,$0.02,$0.01,$0.01,102
RFK Jr.,5/22/2024 12:00:00 AM,$0.01,$0.02,$0.01,$0.01,1258
Biden,5/23/2024 12:00:00 AM,$0.85,$0.86,$0.84,$0.84,11076
Harris,5/23/2024 12:00:00 AM,$0.04,$0.05,$0.04,$0.04,1875
Sanders,5/23/2024 12:00:00 AM,$0.01,$0.01,$0.01,$0.01,0
Clinton,5/23/2024 12:00:00 AM,$0.01,$0.02,$0.01,$0.02,634
Buttigieg,5/23/2024 12:00:00 AM,$0.01,$0.01,$0.01,$0.01,0
Warren,5/23/2024 12:00:00 AM,$0.01,$0.01,$0.01,$0.01,0
AOC,5/23/2024 12:00:00 AM,$0.01,$0.01,$0.01,$0.01,0
Brown,5/23/2024 12:00:00 AM,$0.01,$0.01,$0.01,$0.01,0
Abrams,5/23/2024 12:00:00 AM,$0.01,$0.01,$0.01,$0.01,0
Klobuchar,5/23/2024 12:00:00 AM,$0.01,$0.01,$0.01,$0.01,0
Newsom,5/23/2024 12:00:00 AM,$0.07,$0.08,$0.07,$0.08,9071
Pritzker,5/23/2024 12:00:00 AM,$0.01,$0.02,$0.01,$0.01,533
RFK Jr.,5/23/2024 12:00:00 AM,$0.01,$0.02,$0.01,$0.01,2315
Biden,5/24/2024 12:00:00 AM,$0.84,$0.85,$0.83,$0.84,5140
Harris,5/24/2024 12:00:00 AM,$0.04,$0.05,$0.04,$0.04,1549
Sanders,5/24/2024 12:00:00 AM,$0.01,$0.01,$0.01,$0.01,0
Clinton,5/24/2024 12:00:00 AM,$0.02,$0.02,$0.01,$0.02,7710
Buttigieg,5/24/2024 12:00:00 AM,$0.01,$0.01,$0.01,$0.01,0
Warren,5/24/2024 12:00:00 AM,$0.01,$0.01,$0.01,$0.01,0
AOC,5/24/2024 12:00:00 AM,$0.01,$0.01,$0.01,$0.01,0
Brown,5/24/2024 12:00:00 AM,$0.01,$0.01,$0.01,$0.01,0
Abrams,5/24/2024 12:00:00 AM,$0.01,$0.01,$0.01,$0.01,0
Klobuchar,5/24/2024 12:00:00 AM,$0.01,$0.01,$0.01,$0.01,0
Newsom,5/24/2024 12:00:00 AM,$0.08,$0.08,$0.07,$0.08,2501
Pritzker,5/24/2024 12:00:00 AM,$0.01,$0.02,$0.01,$0.02,1287
RFK Jr.,5/24/2024 12:00:00 AM,$0.01,$0.03,$0.01,$0.01,18542
Biden,5/25/2024 12:00:00 AM,$0.84,$0.85,$0.83,$0.83,4406
Harris,5/25/2024 12:00:00 AM,$0.04,$0.05,$0.04,$0.05,2121
Sanders,5/25/2024 12:00:00 AM,$0.01,$0.01,$0.01,$0.01,0
Clinton,5/25/2024 12:00:00 AM,$0.02,$0.02,$0.01,$0.01,3789
Buttigieg,5/25/2024 12:00:00 AM,$0.01,$0.01,$0.01,$0.01,0
Warren,5/25/2024 12:00:00 AM,$0.01,$0.01,$0.01,$0.01,0
AOC,5/25/2024 12:00:00 AM,$0.01,$0.01,$0.01,$0.01,0
Brown,5/25/2024 12:00:00 AM,$0.01,$0.01,$0.01,$0.01,0
Abrams,5/25/2024 12:00:00 AM,$0.01,$0.01,$0.01,$0.01,0
Klobuchar,5/25/2024 12:00:00 AM,$0.01,$0.01,$0.01,$0.01,0
Newsom,5/25/2024 12:00:00 AM,$0.08,$0.09,$0.07,$0.09,7054
Pritzker,5/25/2024 12:00:00 AM,$0.02,$0.02,$0.02,$0.02,1
RFK Jr.,5/25/2024 12:00:00 AM,$0.01,$0.02,$0.01,$0.02,1
Biden,5/26/2024 12:00:00 AM,$0.83,$0.85,$0.83,$0.85,5215
Harris,5/26/2024 12:00:00 AM,$0.05,$0.05,$0.04,$0.04,3256
Sanders,5/26/2024 12:00:00 AM,$0.01,$0.01,$0.01,$0.01,0
Clinton,5/26/2024 12:00:00 AM,$0.01,$0.02,$0.01,$0.01,637
Buttigieg,5/26/2024 12:00:00 AM,$0.01,$0.01,$0.01,$0.01,2
Warren,5/26/2024 12:00:00 AM,$0.01,$0.01,$0.01,$0.01,0
AOC,5/26/2024 12:00:00 AM,$0.01,$0.01,$0.01,$0.01,0
Brown,5/26/2024 12:00:00 AM,$0.01,$0.01,$0.01,$0.01,0
Abrams,5/26/2024 12:00:00 AM,$0.01,$0.01,$0.01,$0.01,0
Klobuchar,5/26/2024 12:00:00 AM,$0.01,$0.01,$0.01,$0.01,2
Newsom,5/26/2024 12:00:00 AM,$0.09,$0.09,$0.07,$0.07,4113
Pritzker,5/26/2024 12:00:00 AM,$0.02,$0.02,$0.01,$0.01,622
RFK Jr.,5/26/2024 12:00:00 AM,$0.02,$0.02,$0.01,$0.01,1738
Biden,5/27/2024 12:00:00 AM,$0.85,$0.86,$0.84,$0.85,13204
Harris,5/27/2024 12:00:00 AM,$0.04,$0.06,$0.04,$0.04,3580
Sanders,5/27/2024 12:00:00 AM,$0.01,$0.01,$0.01,$0.01,0
Clinton,5/27/2024 12:00:00 AM,$0.01,$0.02,$0.01,$0.01,103
Buttigieg,5/27/2024 12:00:00 AM,$0.01,$0.01,$0.01,$0.01,0
Warren,5/27/2024 12:00:00 AM,$0.01,$0.01,$0.01,$0.01,0
AOC,5/27/2024 12:00:00 AM,$0.01,$0.01,$0.01,$0.01,0
Brown,5/27/2024 12:00:00 AM,$0.01,$0.01,$0.01,$0.01,0
Abrams,5/27/2024 12:00:00 AM,$0.01,$0.01,$0.01,$0.01,0
Klobuchar,5/27/2024 12:00:00 AM,$0.01,$0.01,$0.01,$0.01,0
Newsom,5/27/2024 12:00:00 AM,$0.07,$0.09,$0.07,$0.08,6311
Pritzker,5/27/2024 12:00:00 AM,$0.01,$0.02,$0.01,$0.01,106
RFK Jr.,5/27/2024 12:00:00 AM,$0.01,$0.02,$0.01,$0.01,894
Biden,5/28/2024 12:00:00 AM,$0.85,$0.86,$0.84,$0.84,10857
Harris,5/28/2024 12:00:00 AM,$0.04,$0.05,$0.04,$0.04,3337
Sanders,5/28/2024 12:00:00 AM,$0.01,$0.01,$0.01,$0.01,0
Clinton,5/28/2024 12:00:00 AM,$0.01,$0.01,$0.01,$0.01,859
Buttigieg,5/28/2024 12:00:00 AM,$0.01,$0.01,$0.01,$0.01,476
Warren,5/28/2024 12:00:00 AM,$0.01,$0.01,$0.01,$0.01,0
AOC,5/28/2024 12:00:00 AM,$0.01,$0.01,$0.01,$0.01,0
Brown,5/28/2024 12:00:00 AM,$0.01,$0.01,$0.01,$0.01,0
Abrams,5/28/2024 12:00:00 AM,$0.01,$0.01,$0.01,$0.01,0
Klobuchar,5/28/2024 12:00:00 AM,$0.01,$0.01,$0.01,$0.01,0
Newsom,5/28/2024 12:00:00 AM,$0.08,$0.09,$0.08,$0.08,1984
Pritzker,5/28/2024 12:00:00 AM,$0.01,$0.01,$0.01,$0.01,2
RFK Jr.,5/28/2024 12:00:00 AM,$0.01,$0.02,$0.01,$0.01,17705
Biden,5/29/2024 12:00:00 AM,$0.84,$0.88,$0.84,$0.87,21641
Harris,5/29/2024 12:00:00 AM,$0.04,$0.05,$0.04,$0.04,1791
Sanders,5/29/2024 12:00:00 AM,$0.01,$0.01,$0.01,$0.01,0
Clinton,5/29/2024 12:00:00 AM,$0.01,$0.02,$0.01,$0.02,14654
Buttigieg,5/29/2024 12:00:00 AM,$0.01,$0.01,$0.01,$0.01,0
Warren,5/29/2024 12:00:00 AM,$0.01,$0.01,$0.01,$0.01,0
AOC,5/29/2024 12:00:00 AM,$0.01,$0.01,$0.01,$0.01,0
Brown,5/29/2024 12:00:00 AM,$0.01,$0.01,$0.01,$0.01,0
Abrams,5/29/2024 12:00:00 AM,$0.01,$0.01,$0.01,$0.01,0
Klobuchar,5/29/2024 12:00:00 AM,$0.01,$0.01,$0.01,$0.01,0
Newsom,5/29/2024 12:00:00 AM,$0.08,$0.09,$0.08,$0.08,2300
Pritzker,5/29/2024 12:00:00 AM,$0.01,$0.01,$0.01,$0.01,272
RFK Jr.,5/29/2024 12:00:00 AM,$0.01,$0.01,$0.01,$0.01,20
Biden,5/30/2024 12:00:00 AM,$0.87,$0.88,$0.86,$0.87,10605
Harris,5/30/2024 12:00:00 AM,$0.04,$0.05,$0.03,$0.04,24238
Sanders,5/30/2024 12:00:00 AM,$0.01,$0.01,$0.01,$0.01,0
Clinton,5/30/2024 12:00:00 AM,$0.02,$0.02,$0.01,$0.01,96
Buttigieg,5/30/2024 12:00:00 AM,$0.01,$0.01,$0.01,$0.01,0
Warren,5/30/2024 12:00:00 AM,$0.01,$0.01,$0.01,$0.01,0
AOC,5/30/2024 12:00:00 AM,$0.01,$0.01,$0.01,$0.01,0
Brown,5/30/2024 12:00:00 AM,$0.01,$0.01,$0.01,$0.01,0
Abrams,5/30/2024 12:00:00 AM,$0.01,$0.01,$0.01,$0.01,0
Klobuchar,5/30/2024 12:00:00 AM,$0.01,$0.01,$0.01,$0.01,0
Newsom,5/30/2024 12:00:00 AM,$0.08,$0.09,$0.08,$0.09,3019
Pritzker,5/30/2024 12:00:00 AM,$0.01,$0.01,$0.01,$0.01,141
RFK Jr.,5/30/2024 12:00:00 AM,$0.01,$0.01,$0.01,$0.01,3029
Biden,5/31/2024 12:00:00 AM,$0.87,$0.88,$0.86,$0.86,4326
Harris,5/31/2024 12:00:00 AM,$0.04,$0.05,$0.04,$0.04,1674
Sanders,5/31/2024 12:00:00 AM,$0.01,$0.01,$0.01,$0.01,0
Clinton,5/31/2024 12:00:00 AM,$0.01,$0.02,$0.01,$0.01,160
Buttigieg,5/31/2024 12:00:00 AM,$0.01,$0.01,$0.01,$0.01,39
Warren,5/31/2024 12:00:00 AM,$0.01,$0.01,$0.01,$0.01,0
AOC,5/31/2024 12:00:00 AM,$0.01,$0.01,$0.01,$0.01,0
Brown,5/31/2024 12:00:00 AM,$0.01,$0.01,$0.01,$0.01,0
Abrams,5/31/2024 12:00:00 AM,$0.01,$0.01,$0.01,$0.01,0
Klobuchar,5/31/2024 12:00:00 AM,$0.01,$0.01,$0.01,$0.01,0
Newsom,5/31/2024 12:00:00 AM,$0.09,$0.10,$0.09,$0.09,6769
Pritzker,5/31/2024 12:00:00 AM,$0.01,$0.02,$0.01,$0.01,5138
RFK Jr.,5/31/2024 12:00:00 AM,$0.01,$0.01,$0.01,$0.01,0
Biden,6/1/2024 12:00:00 AM,$0.86,$0.88,$0.86,$0.87,5237
Harris,6/1/2024 12:00:00 AM,$0.04,$0.05,$0.04,$0.05,318
Sanders,6/1/2024 12:00:00 AM,$0.01,$0.01,$0.01,$0.01,0
Clinton,6/1/2024 12:00:00 AM,$0.01,$0.01,$0.01,$0.01,268
Buttigieg,6/1/2024 12:00:00 AM,$0.01,$0.01,$0.01,$0.01,0
Warren,6/1/2024 12:00:00 AM,$0.01,$0.01,$0.01,$0.01,0
AOC,6/1/2024 12:00:00 AM,$0.01,$0.01,$0.01,$0.01,0
Brown,6/1/2024 12:00:00 AM,$0.01,$0.01,$0.01,$0.01,0
Abrams,6/1/2024 12:00:00 AM,$0.01,$0.01,$0.01,$0.01,0
Klobuchar,6/1/2024 12:00:00 AM,$0.01,$0.01,$0.01,$0.01,0
Newsom,6/1/2024 12:00:00 AM,$0.09,$0.10,$0.09,$0.09,1679
Pritzker,6/1/2024 12:00:00 AM,$0.01,$0.01,$0.01,$0.01,296
RFK Jr.,6/1/2024 12:00:00 AM,$0.01,$0.01,$0.01,$0.01,1
Biden,6/2/2024 12:00:00 AM,$0.87,$0.88,$0.86,$0.87,6583
Harris,6/2/2024 12:00:00 AM,$0.05,$0.05,$0.04,$0.04,102
Sanders,6/2/2024 12:00:00 AM,$0.01,$0.01,$0.01,$0.01,0
Clinton,6/2/2024 12:00:00 AM,$0.01,$0.02,$0.01,$0.02,500
Buttigieg,6/2/2024 12:00:00 AM,$0.01,$0.01,$0.01,$0.01,0
Warren,6/2/2024 12:00:00 AM,$0.01,$0.01,$0.01,$0.01,0
AOC,6/2/2024 12:00:00 AM,$0.01,$0.01,$0.01,$0.01,0
Brown,6/2/2024 12:00:00 AM,$0.01,$0.01,$0.01,$0.01,0
Abrams,6/2/2024 12:00:00 AM,$0.01,$0.01,$0.01,$0.01,0
Klobuchar,6/2/2024 12:00:00 AM,$0.01,$0.01,$0.01,$0.01,0
Newsom,6/2/2024 12:00:00 AM,$0.09,$0.09,$0.09,$0.09,998
Pritzker,6/2/2024 12:00:00 AM,$0.01,$0.02,$0.01,$0.02,303
RFK Jr.,6/2/2024 12:00:00 AM,$0.01,$0.01,$0.01,$0.01,0
Biden,6/3/2024 12:00:00 AM,$0.87,$0.88,$0.86,$0.86,2840
Harris,6/3/2024 12:00:00 AM,$0.04,$0.06,$0.04,$0.05,4336
Sanders,6/3/2024 12:00:00 AM,$0.01,$0.01,$0.01,$0.01,0
Clinton,6/3/2024 12:00:00 AM,$0.02,$0.02,$0.01,$0.01,1
Buttigieg,6/3/2024 12:00:00 AM,$0.01,$0.01,$0.01,$0.01,0
Warren,6/3/2024 12:00:00 AM,$0.01,$0.01,$0.01,$0.01,0
AOC,6/3/2024 12:00:00 AM,$0.01,$0.01,$0.01,$0.01,0
Brown,6/3/2024 12:00:00 AM,$0.01,$0.01,$0.01,$0.01,0
Abrams,6/3/2024 12:00:00 AM,$0.01,$0.01,$0.01,$0.01,0
Klobuchar,6/3/2024 12:00:00 AM,$0.01,$0.01,$0.01,$0.01,0
Newsom,6/3/2024 12:00:00 AM,$0.09,$0.09,$0.08,$0.09,1803
Pritzker,6/3/2024 12:00:00 AM,$0.02,$0.02,$0.01,$0.01,23
RFK Jr.,6/3/2024 12:00:00 AM,$0.01,$0.01,$0.01,$0.01,158
Biden,6/4/2024 12:00:00 AM,$0.86,$0.88,$0.86,$0.86,3771
Harris,6/4/2024 12:00:00 AM,$0.05,$0.07,$0.05,$0.07,7707
Sanders,6/4/2024 12:00:00 AM,$0.01,$0.01,$0.01,$0.01,0
Clinton,6/4/2024 12:00:00 AM,$0.01,$0.02,$0.01,$0.01,132
Buttigieg,6/4/2024 12:00:00 AM,$0.01,$0.01,$0.01,$0.01,1
Warren,6/4/2024 12:00:00 AM,$0.01,$0.01,$0.01,$0.01,0
AOC,6/4/2024 12:00:00 AM,$0.01,$0.01,$0.01,$0.01,1
Brown,6/4/2024 12:00:00 AM,$0.01,$0.01,$0.01,$0.01,0
Abrams,6/4/2024 12:00:00 AM,$0.01,$0.01,$0.01,$0.01,0
Klobuchar,6/4/2024 12:00:00 AM,$0.01,$0.01,$0.01,$0.01,1
Newsom,6/4/2024 12:00:00 AM,$0.09,$0.10,$0.08,$0.09,1132
Pritzker,6/4/2024 12:00:00 AM,$0.01,$0.02,$0.01,$0.02,174
RFK Jr.,6/4/2024 12:00:00 AM,$0.01,$0.01,$0.01,$0.01,1
Biden,6/5/2024 12:00:00 AM,$0.86,$0.88,$0.86,$0.86,11321
Harris,6/5/2024 12:00:00 AM,$0.07,$0.07,$0.05,$0.06,6681
Sanders,6/5/2024 12:00:00 AM,$0.01,$0.01,$0.01,$0.01,0
Clinton,6/5/2024 12:00:00 AM,$0.01,$0.02,$0.01,$0.01,5281
Buttigieg,6/5/2024 12:00:00 AM,$0.01,$0.01,$0.01,$0.01,0
Warren,6/5/2024 12:00:00 AM,$0.01,$0.01,$0.01,$0.01,0
AOC,6/5/2024 12:00:00 AM,$0.01,$0.01,$0.01,$0.01,0
Brown,6/5/2024 12:00:00 AM,$0.01,$0.01,$0.01,$0.01,0
Abrams,6/5/2024 12:00:00 AM,$0.01,$0.01,$0.01,$0.01,0
Klobuchar,6/5/2024 12:00:00 AM,$0.01,$0.01,$0.01,$0.01,0
Newsom,6/5/2024 12:00:00 AM,$0.09,$0.10,$0.08,$0.08,6404
Pritzker,6/5/2024 12:00:00 AM,$0.02,$0.02,$0.01,$0.01,599
RFK Jr.,6/5/2024 12:00:00 AM,$0.01,$0.02,$0.01,$0.01,5578
Biden,6/6/2024 12:00:00 AM,$0.86,$0.87,$0.82,$0.85,14019
Harris,6/6/2024 12:00:00 AM,$0.06,$0.07,$0.05,$0.05,3095
Sanders,6/6/2024 12:00:00 AM,$0.01,$0.01,$0.01,$0.01,10
Clinton,6/6/2024 12:00:00 AM,$0.01,$0.02,$0.01,$0.01,2883
Buttigieg,6/6/2024 12:00:00 AM,$0.01,$0.01,$0.01,$0.01,0
Warren,6/6/2024 12:00:00 AM,$0.01,$0.01,$0.01,$0.01,0
AOC,6/6/2024 12:00:00 AM,$0.01,$0.01,$0.01,$0.01,0
Brown,6/6/2024 12:00:00 AM,$0.01,$0.01,$0.01,$0.01,0
Abrams,6/6/2024 12:00:00 AM,$0.01,$0.01,$0.01,$0.01,0
Klobuchar,6/6/2024 12:00:00 AM,$0.01,$0.01,$0.01,$0.01,0
Newsom,6/6/2024 12:00:00 AM,$0.08,$0.13,$0.08,$0.11,6217
Pritzker,6/6/2024 12:00:00 AM,$0.01,$0.02,$0.01,$0.01,1479
RFK Jr.,6/6/2024 12:00:00 AM,$0.01,$0.02,$0.01,$0.01,2780
Biden,6/7/2024 12:00:00 AM,$0.85,$0.85,$0.81,$0.83,13499
Harris,6/7/2024 12:00:00 AM,$0.05,$0.07,$0.05,$0.06,4642
Sanders,6/7/2024 12:00:00 AM,$0.01,$0.01,$0.01,$0.01,0
Clinton,6/7/2024 12:00:00 AM,$0.01,$0.04,$0.01,$0.02,43351
Buttigieg,6/7/2024 12:00:00 AM,$0.01,$0.01,$0.01,$0.01,1
Warren,6/7/2024 12:00:00 AM,$0.01,$0.01,$0.01,$0.01,1
AOC,6/7/2024 12:00:00 AM,$0.01,$0.01,$0.01,$0.01,0
Brown,6/7/2024 12:00:00 AM,$0.01,$0.01,$0.01,$0.01,0
Abrams,6/7/2024 12:00:00 AM,$0.01,$0.01,$0.01,$0.01,0
Klobuchar,6/7/2024 12:00:00 AM,$0.01,$0.01,$0.01,$0.01,0
Newsom,6/7/2024 12:00:00 AM,$0.11,$0.13,$0.11,$0.13,4539
Pritzker,6/7/2024 12:00:00 AM,$0.01,$0.02,$0.01,$0.01,3209
RFK Jr.,6/7/2024 12:00:00 AM,$0.01,$0.02,$0.01,$0.01,5280
Biden,6/8/2024 12:00:00 AM,$0.83,$0.83,$0.81,$0.82,9850
Harris,6/8/2024 12:00:00 AM,$0.06,$0.06,$0.05,$0.05,2132
Sanders,6/8/2024 12:00:00 AM,$0.01,$0.01,$0.01,$0.01,0
Clinton,6/8/2024 12:00:00 AM,$0.02,$0.05,$0.02,$0.03,11735
Buttigieg,6/8/2024 12:00:00 AM,$0.01,$0.01,$0.01,$0.01,0
Warren,6/8/2024 12:00:00 AM,$0.01,$0.01,$0.01,$0.01,0
AOC,6/8/2024 12:00:00 AM,$0.01,$0.01,$0.01,$0.01,0
Brown,6/8/2024 12:00:00 AM,$0.01,$0.01,$0.01,$0.01,0
Abrams,6/8/2024 12:00:00 AM,$0.01,$0.01,$0.01,$0.01,0
Klobuchar,6/8/2024 12:00:00 AM,$0.01,$0.01,$0.01,$0.01,0
Newsom,6/8/2024 12:00:00 AM,$0.13,$0.13,$0.12,$0.12,4005
Pritzker,6/8/2024 12:00:00 AM,$0.01,$0.01,$0.01,$0.01,65
RFK Jr.,6/8/2024 12:00:00 AM,$0.01,$0.01,$0.01,$0.01,6
Biden,6/9/2024 12:00:00 AM,$0.82,$0.84,$0.82,$0.83,10979
Harris,6/9/2024 12:00:00 AM,$0.05,$0.07,$0.05,$0.06,6137
Sanders,6/9/2024 12:00:00 AM,$0.01,$0.01,$0.01,$0.01,0
Clinton,6/9/2024 12:00:00 AM,$0.03,$0.04,$0.03,$0.03,3828
Buttigieg,6/9/2024 12:00:00 AM,$0.01,$0.01,$0.01,$0.01,0
Warren,6/9/2024 12:00:00 AM,$0.01,$0.01,$0.01,$0.01,0
AOC,6/9/2024 12:00:00 AM,$0.01,$0.01,$0.01,$0.01,0
Brown,6/9/2024 12:00:00 AM,$0.01,$0.01,$0.01,$0.01,0
Abrams,6/9/2024 12:00:00 AM,$0.01,$0.01,$0.01,$0.01,0
Klobuchar,6/9/2024 12:00:00 AM,$0.01,$0.01,$0.01,$0.01,0
Newsom,6/9/2024 12:00:00 AM,$0.12,$0.15,$0.12,$0.14,7948
Pritzker,6/9/2024 12:00:00 AM,$0.01,$0.02,$0.01,$0.01,2545
RFK Jr.,6/9/2024 12:00:00 AM,$0.01,$0.01,$0.01,$0.01,2
Biden,6/10/2024 12:00:00 AM,$0.83,$0.85,$0.83,$0.83,6515
Harris,6/10/2024 12:00:00 AM,$0.06,$0.07,$0.06,$0.06,4374
Sanders,6/10/2024 12:00:00 AM,$0.01,$0.01,$0.01,$0.01,0
Clinton,6/10/2024 12:00:00 AM,$0.03,$0.07,$0.02,$0.04,20384
Buttigieg,6/10/2024 12:00:00 AM,$0.01,$0.01,$0.01,$0.01,1200
Warren,6/10/2024 12:00:00 AM,$0.01,$0.01,$0.01,$0.01,200
AOC,6/10/2024 12:00:00 AM,$0.01,$0.01,$0.01,$0.01,0
Brown,6/10/2024 12:00:00 AM,$0.01,$0.01,$0.01,$0.01,0
Abrams,6/10/2024 12:00:00 AM,$0.01,$0.01,$0.01,$0.01,0
Klobuchar,6/10/2024 12:00:00 AM,$0.01,$0.01,$0.01,$0.01,0
Newsom,6/10/2024 12:00:00 AM,$0.14,$0.15,$0.12,$0.12,4018
Pritzker,6/10/2024 12:00:00 AM,$0.01,$0.02,$0.01,$0.02,3477
RFK Jr.,6/10/2024 12:00:00 AM,$0.01,$0.01,$0.01,$0.01,29
Biden,6/11/2024 12:00:00 AM,$0.83,$0.85,$0.82,$0.84,18991
Harris,6/11/2024 12:00:00 AM,$0.06,$0.07,$0.06,$0.06,3790
Sanders,6/11/2024 12:00:00 AM,$0.01,$0.01,$0.01,$0.01,0
Clinton,6/11/2024 12:00:00 AM,$0.04,$0.05,$0.03,$0.03,8133
Buttigieg,6/11/2024 12:00:00 AM,$0.01,$0.01,$0.01,$0.01,0
Warren,6/11/2024 12:00:00 AM,$0.01,$0.01,$0.01,$0.01,0
AOC,6/11/2024 12:00:00 AM,$0.01,$0.01,$0.01,$0.01,0
Brown,6/11/2024 12:00:00 AM,$0.01,$0.01,$0.01,$0.01,0
Abrams,6/11/2024 12:00:00 AM,$0.01,$0.01,$0.01,$0.01,2000
Klobuchar,6/11/2024 12:00:00 AM,$0.01,$0.01,$0.01,$0.01,0
Newsom,6/11/2024 12:00:00 AM,$0.12,$0.13,$0.11,$0.11,5224
Pritzker,6/11/2024 12:00:00 AM,$0.02,$0.02,$0.01,$0.01,2211
RFK Jr.,6/11/2024 12:00:00 AM,$0.01,$0.01,$0.01,$0.01,0
Biden,6/12/2024 12:00:00 AM,$0.84,$0.86,$0.83,$0.84,10902
Harris,6/12/2024 12:00:00 AM,$0.06,$0.07,$0.06,$0.06,2263
Sanders,6/12/2024 12:00:00 AM,$0.01,$0.01,$0.01,$0.01,0
Clinton,6/12/2024 12:00:00 AM,$0.03,$0.04,$0.03,$0.03,3063
Buttigieg,6/12/2024 12:00:00 AM,$0.01,$0.01,$0.01,$0.01,0
Warren,6/12/2024 12:00:00 AM,$0.01,$0.01,$0.01,$0.01,0
AOC,6/12/2024 12:00:00 AM,$0.01,$0.01,$0.01,$0.01,0
Brown,6/12/2024 12:00:00 AM,$0.01,$0.01,$0.01,$0.01,3500
Abrams,6/12/2024 12:00:00 AM,$0.01,$0.01,$0.01,$0.01,0
Klobuchar,6/12/2024 12:00:00 AM,$0.01,$0.01,$0.01,$0.01,0
Newsom,6/12/2024 12:00:00 AM,$0.11,$0.13,$0.11,$0.12,3283
Pritzker,6/12/2024 12:00:00 AM,$0.01,$0.02,$0.01,$0.01,1206
RFK Jr.,6/12/2024 12:00:00 AM,$0.01,$0.01,$0.01,$0.01,27
Biden,6/13/2024 12:00:00 AM,$0.84,$0.85,$0.82,$0.83,7167
Harris,6/13/2024 12:00:00 AM,$0.06,$0.06,$0.05,$0.06,7208
Sanders,6/13/2024 12:00:00 AM,$0.01,$0.01,$0.01,$0.01,0
Clinton,6/13/2024 12:00:00 AM,$0.03,$0.04,$0.02,$0.03,9897
Buttigieg,6/13/2024 12:00:00 AM,$0.01,$0.01,$0.01,$0.01,2521
Warren,6/13/2024 12:00:00 AM,$0.01,$0.01,$0.01,$0.01,0
AOC,6/13/2024 12:00:00 AM,$0.01,$0.01,$0.01,$0.01,1400
Brown,6/13/2024 12:00:00 AM,$0.01,$0.01,$0.01,$0.01,3000
Abrams,6/13/2024 12:00:00 AM,$0.01,$0.01,$0.01,$0.01,0
Klobuchar,6/13/2024 12:00:00 AM,$0.01,$0.01,$0.01,$0.01,0
Newsom,6/13/2024 12:00:00 AM,$0.12,$0.16,$0.12,$0.15,7545
Pritzker,6/13/2024 12:00:00 AM,$0.01,$0.02,$0.01,$0.01,3512
RFK Jr.,6/13/2024 12:00:00 AM,$0.01,$0.01,$0.01,$0.01,0
Biden,6/14/2024 12:00:00 AM,$0.83,$0.84,$0.81,$0.81,13685
Harris,6/14/2024 12:00:00 AM,$0.06,$0.07,$0.05,$0.06,9406
Sanders,6/14/2024 12:00:00 AM,$0.01,$0.01,$0.01,$0.01,0
Clinton,6/14/2024 12:00:00 AM,$0.03,$0.04,$0.02,$0.03,4327
Buttigieg,6/14/2024 12:00:00 AM,$0.01,$0.01,$0.01,$0.01,0
Warren,6/14/2024 12:00:00 AM,$0.01,$0.01,$0.01,$0.01,0
AOC,6/14/2024 12:00:00 AM,$0.01,$0.01,$0.01,$0.01,0
Brown,6/14/2024 12:00:00 AM,$0.01,$0.01,$0.01,$0.01,0
Abrams,6/14/2024 12:00:00 AM,$0.01,$0.01,$0.01,$0.01,17
Klobuchar,6/14/2024 12:00:00 AM,$0.01,$0.01,$0.01,$0.01,0
Newsom,6/14/2024 12:00:00 AM,$0.15,$0.16,$0.12,$0.12,6805
Pritzker,6/14/2024 12:00:00 AM,$0.01,$0.02,$0.01,$0.01,943
RFK Jr.,6/14/2024 12:00:00 AM,$0.01,$0.01,$0.01,$0.01,0
Biden,6/15/2024 12:00:00 AM,$0.81,$0.84,$0.80,$0.83,24739
Harris,6/15/2024 12:00:00 AM,$0.06,$0.07,$0.06,$0.06,2758
Sanders,6/15/2024 12:00:00 AM,$0.01,$0.01,$0.01,$0.01,0
Clinton,6/15/2024 12:00:00 AM,$0.03,$0.04,$0.02,$0.03,3799
Buttigieg,6/15/2024 12:00:00 AM,$0.01,$0.01,$0.01,$0.01,0
Warren,6/15/2024 12:00:00 AM,$0.01,$0.01,$0.01,$0.01,0
AOC,6/15/2024 12:00:00 AM,$0.01,$0.01,$0.01,$0.01,0
Brown,6/15/2024 12:00:00 AM,$0.01,$0.01,$0.01,$0.01,0
Abrams,6/15/2024 12:00:00 AM,$0.01,$0.01,$0.01,$0.01,0
Klobuchar,6/15/2024 12:00:00 AM,$0.01,$0.01,$0.01,$0.01,0
Newsom,6/15/2024 12:00:00 AM,$0.12,$0.14,$0.11,$0.11,5773
Pritzker,6/15/2024 12:00:00 AM,$0.01,$0.01,$0.01,$0.01,2817
RFK Jr.,6/15/2024 12:00:00 AM,$0.01,$0.01,$0.01,$0.01,10154
Biden,6/16/2024 12:00:00 AM,$0.83,$0.83,$0.81,$0.82,7995
Harris,6/16/2024 12:00:00 AM,$0.06,$0.07,$0.06,$0.06,6285
Sanders,6/16/2024 12:00:00 AM,$0.01,$0.01,$0.01,$0.01,0
Clinton,6/16/2024 12:00:00 AM,$0.03,$0.04,$0.02,$0.03,1831
Buttigieg,6/16/2024 12:00:00 AM,$0.01,$0.01,$0.01,$0.01,0
Warren,6/16/2024 12:00:00 AM,$0.01,$0.01,$0.01,$0.01,0
AOC,6/16/2024 12:00:00 AM,$0.01,$0.01,$0.01,$0.01,0
Brown,6/16/2024 12:00:00 AM,$0.01,$0.01,$0.01,$0.01,0
Abrams,6/16/2024 12:00:00 AM,$0.01,$0.01,$0.01,$0.01,0
Klobuchar,6/16/2024 12:00:00 AM,$0.01,$0.01,$0.01,$0.01,0
Newsom,6/16/2024 12:00:00 AM,$0.11,$0.12,$0.10,$0.10,2354
Pritzker,6/16/2024 12:00:00 AM,$0.01,$0.02,$0.01,$0.01,2996
RFK Jr.,6/16/2024 12:00:00 AM,$0.01,$0.01,$0.01,$0.01,0
Biden,6/17/2024 12:00:00 AM,$0.82,$0.83,$0.81,$0.81,19100
Harris,6/17/2024 12:00:00 AM,$0.06,$0.08,$0.06,$0.08,2145
Sanders,6/17/2024 12:00:00 AM,$0.01,$0.01,$0.01,$0.01,0
Clinton,6/17/2024 12:00:00 AM,$0.03,$0.04,$0.02,$0.04,8631
Buttigieg,6/17/2024 12:00:00 AM,$0.01,$0.01,$0.01,$0.01,0
Warren,6/17/2024 12:00:00 AM,$0.01,$0.01,$0.01,$0.01,0
AOC,6/17/2024 12:00:00 AM,$0.01,$0.01,$0.01,$0.01,0
Brown,6/17/2024 12:00:00 AM,$0.01,$0.01,$0.01,$0.01,0
Abrams,6/17/2024 12:00:00 AM,$0.01,$0.01,$0.01,$0.01,0
Klobuchar,6/17/2024 12:00:00 AM,$0.01,$0.01,$0.01,$0.01,0
Newsom,6/17/2024 12:00:00 AM,$0.10,$0.14,$0.10,$0.13,7868
Pritzker,6/17/2024 12:00:00 AM,$0.01,$0.02,$0.01,$0.02,2571
RFK Jr.,6/17/2024 12:00:00 AM,$0.01,$0.01,$0.01,$0.01,405
Biden,6/18/2024 12:00:00 AM,$0.81,$0.83,$0.81,$0.81,26976
Harris,6/18/2024 12:00:00 AM,$0.08,$0.08,$0.06,$0.06,17515
Sanders,6/18/2024 12:00:00 AM,$0.01,$0.01,$0.01,$0.01,0
Clinton,6/18/2024 12:00:00 AM,$0.04,$0.06,$0.03,$0.04,12900
Buttigieg,6/18/2024 12:00:00 AM,$0.01,$0.01,$0.01,$0.01,0
Warren,6/18/2024 12:00:00 AM,$0.01,$0.01,$0.01,$0.01,0
AOC,6/18/2024 12:00:00 AM,$0.01,$0.01,$0.01,$0.01,0
Brown,6/18/2024 12:00:00 AM,$0.01,$0.01,$0.01,$0.01,0
Abrams,6/18/2024 12:00:00 AM,$0.01,$0.01,$0.01,$0.01,0
Klobuchar,6/18/2024 12:00:00 AM,$0.01,$0.01,$0.01,$0.01,0
Newsom,6/18/2024 12:00:00 AM,$0.13,$0.14,$0.11,$0.12,4195
Pritzker,6/18/2024 12:00:00 AM,$0.02,$0.02,$0.01,$0.01,1273
RFK Jr.,6/18/2024 12:00:00 AM,$0.01,$0.01,$0.01,$0.01,25
Biden,6/19/2024 12:00:00 AM,$0.81,$0.82,$0.76,$0.79,23441
Harris,6/19/2024 12:00:00 AM,$0.06,$0.07,$0.05,$0.07,17922
Sanders,6/19/2024 12:00:00 AM,$0.01,$0.01,$0.01,$0.01,0
Clinton,6/19/2024 12:00:00 AM,$0.04,$0.10,$0.04,$0.06,33730
Buttigieg,6/19/2024 12:00:00 AM,$0.01,$0.01,$0.01,$0.01,0
Warren,6/19/2024 12:00:00 AM,$0.01,$0.01,$0.01,$0.01,0
AOC,6/19/2024 12:00:00 AM,$0.01,$0.01,$0.01,$0.01,1
Brown,6/19/2024 12:00:00 AM,$0.01,$0.01,$0.01,$0.01,0
Abrams,6/19/2024 12:00:00 AM,$0.01,$0.01,$0.01,$0.01,0
Klobuchar,6/19/2024 12:00:00 AM,$0.01,$0.01,$0.01,$0.01,0
Newsom,6/19/2024 12:00:00 AM,$0.12,$0.15,$0.11,$0.13,16302
Pritzker,6/19/2024 12:00:00 AM,$0.01,$0.02,$0.01,$0.01,4614
RFK Jr.,6/19/2024 12:00:00 AM,$0.01,$0.02,$0.01,$0.01,2586
Biden,6/20/2024 12:00:00 AM,$0.79,$0.87,$0.78,$0.85,53681
Harris,6/20/2024 12:00:00 AM,$0.07,$0.07,$0.05,$0.05,5955
Sanders,6/20/2024 12:00:00 AM,$0.01,$0.01,$0.01,$0.01,0
Clinton,6/20/2024 12:00:00 AM,$0.06,$0.09,$0.05,$0.07,11038
Buttigieg,6/20/2024 12:00:00 AM,$0.01,$0.01,$0.01,$0.01,1
Warren,6/20/2024 12:00:00 AM,$0.01,$0.01,$0.01,$0.01,0
AOC,6/20/2024 12:00:00 AM,$0.01,$0.01,$0.01,$0.01,0
Brown,6/20/2024 12:00:00 AM,$0.01,$0.01,$0.01,$0.01,0
Abrams,6/20/2024 12:00:00 AM,$0.01,$0.01,$0.01,$0.01,0
Klobuchar,6/20/2024 12:00:00 AM,$0.01,$0.01,$0.01,$0.01,0
Newsom,6/20/2024 12:00:00 AM,$0.13,$0.13,$0.09,$0.09,11640
Pritzker,6/20/2024 12:00:00 AM,$0.01,$0.02,$0.01,$0.01,8769
RFK Jr.,6/20/2024 12:00:00 AM,$0.01,$0.02,$0.01,$0.01,6260
Biden,6/21/2024 12:00:00 AM,$0.85,$0.88,$0.83,$0.86,45968
Harris,6/21/2024 12:00:00 AM,$0.05,$0.06,$0.04,$0.05,27573
Sanders,6/21/2024 12:00:00 AM,$0.01,$0.01,$0.01,$0.01,25
Clinton,6/21/2024 12:00:00 AM,$0.07,$0.08,$0.04,$0.04,12541
Buttigieg,6/21/2024 12:00:00 AM,$0.01,$0.01,$0.01,$0.01,0
Warren,6/21/2024 12:00:00 AM,$0.01,$0.01,$0.01,$0.01,0
AOC,6/21/2024 12:00:00 AM,$0.01,$0.01,$0.01,$0.01,0
Brown,6/21/2024 12:00:00 AM,$0.01,$0.01,$0.01,$0.01,0
Abrams,6/21/2024 12:00:00 AM,$0.01,$0.01,$0.01,$0.01,0
Klobuchar,6/21/2024 12:00:00 AM,$0.01,$0.01,$0.01,$0.01,0
Newsom,6/21/2024 12:00:00 AM,$0.09,$0.12,$0.08,$0.10,17530
Pritzker,6/21/2024 12:00:00 AM,$0.01,$0.02,$0.01,$0.01,1942
RFK Jr.,6/21/2024 12:00:00 AM,$0.01,$0.01,$0.01,$0.01,1613
Biden,6/22/2024 12:00:00 AM,$0.86,$0.89,$0.85,$0.88,21567
Harris,6/22/2024 12:00:00 AM,$0.05,$0.06,$0.04,$0.06,2611
Sanders,6/22/2024 12:00:00 AM,$0.01,$0.01,$0.01,$0.01,0
Clinton,6/22/2024 12:00:00 AM,$0.04,$0.07,$0.04,$0.05,7937
Buttigieg,6/22/2024 12:00:00 AM,$0.01,$0.01,$0.01,$0.01,0
Warren,6/22/2024 12:00:00 AM,$0.01,$0.01,$0.01,$0.01,0
AOC,6/22/2024 12:00:00 AM,$0.01,$0.01,$0.01,$0.01,0
Brown,6/22/2024 12:00:00 AM,$0.01,$0.01,$0.01,$0.01,0
Abrams,6/22/2024 12:00:00 AM,$0.01,$0.01,$0.01,$0.01,0
Klobuchar,6/22/2024 12:00:00 AM,$0.01,$0.01,$0.01,$0.01,0
Newsom,6/22/2024 12:00:00 AM,$0.10,$0.11,$0.09,$0.09,5480
Pritzker,6/22/2024 12:00:00 AM,$0.01,$0.01,$0.01,$0.01,2000
RFK Jr.,6/22/2024 12:00:00 AM,$0.01,$0.01,$0.01,$0.01,0
Biden,6/23/2024 12:00:00 AM,$0.88,$0.89,$0.86,$0.86,14037
Harris,6/23/2024 12:00:00 AM,$0.06,$0.06,$0.04,$0.05,5403
Sanders,6/23/2024 12:00:00 AM,$0.01,$0.01,$0.01,$0.01,0
Clinton,6/23/2024 12:00:00 AM,$0.05,$0.05,$0.04,$0.04,5047
Buttigieg,6/23/2024 12:00:00 AM,$0.01,$0.01,$0.01,$0.01,0
Warren,6/23/2024 12:00:00 AM,$0.01,$0.01,$0.01,$0.01,0
AOC,6/23/2024 12:00:00 AM,$0.01,$0.01,$0.01,$0.01,0
Brown,6/23/2024 12:00:00 AM,$0.01,$0.01,$0.01,$0.01,0
Abrams,6/23/2024 12:00:00 AM,$0.01,$0.01,$0.01,$0.01,0
Klobuchar,6/23/2024 12:00:00 AM,$0.01,$0.01,$0.01,$0.01,0
Newsom,6/23/2024 12:00:00 AM,$0.09,$0.09,$0.07,$0.08,3819
Pritzker,6/23/2024 12:00:00 AM,$0.01,$0.01,$0.01,$0.01,321
RFK Jr.,6/23/2024 12:00:00 AM,$0.01,$0.01,$0.01,$0.01,0
Biden,6/24/2024 12:00:00 AM,$0.86,$0.87,$0.85,$0.85,15648
Harris,6/24/2024 12:00:00 AM,$0.05,$0.05,$0.04,$0.04,738
Sanders,6/24/2024 12:00:00 AM,$0.01,$0.01,$0.01,$0.01,0
Clinton,6/24/2024 12:00:00 AM,$0.04,$0.04,$0.03,$0.03,8121
Buttigieg,6/24/2024 12:00:00 AM,$0.01,$0.01,$0.01,$0.01,50
Warren,6/24/2024 12:00:00 AM,$0.01,$0.01,$0.01,$0.01,50
AOC,6/24/2024 12:00:00 AM,$0.01,$0.01,$0.01,$0.01,0
Brown,6/24/2024 12:00:00 AM,$0.01,$0.01,$0.01,$0.01,0
Abrams,6/24/2024 12:00:00 AM,$0.01,$0.01,$0.01,$0.01,0
Klobuchar,6/24/2024 12:00:00 AM,$0.01,$0.01,$0.01,$0.01,0
Newsom,6/24/2024 12:00:00 AM,$0.08,$0.09,$0.08,$0.09,5168
Pritzker,6/24/2024 12:00:00 AM,$0.01,$0.02,$0.01,$0.01,1539
RFK Jr.,6/24/2024 12:00:00 AM,$0.01,$0.02,$0.01,$0.01,3974
Biden,6/25/2024 12:00:00 AM,$0.85,$0.86,$0.83,$0.84,19821
Harris,6/25/2024 12:00:00 AM,$0.04,$0.05,$0.04,$0.04,4930
Sanders,6/25/2024 12:00:00 AM,$0.01,$0.01,$0.01,$0.01,200
Clinton,6/25/2024 12:00:00 AM,$0.03,$0.05,$0.03,$0.04,3158
Buttigieg,6/25/2024 12:00:00 AM,$0.01,$0.01,$0.01,$0.01,100
Warren,6/25/2024 12:00:00 AM,$0.01,$0.01,$0.01,$0.01,0
AOC,6/25/2024 12:00:00 AM,$0.01,$0.01,$0.01,$0.01,0
Brown,6/25/2024 12:00:00 AM,$0.01,$0.01,$0.01,$0.01,0
Abrams,6/25/2024 12:00:00 AM,$0.01,$0.01,$0.01,$0.01,0
Klobuchar,6/25/2024 12:00:00 AM,$0.01,$0.01,$0.01,$0.01,0
Newsom,6/25/2024 12:00:00 AM,$0.09,$0.10,$0.08,$0.08,9009
Pritzker,6/25/2024 12:00:00 AM,$0.01,$0.02,$0.01,$0.01,697
RFK Jr.,6/25/2024 12:00:00 AM,$0.01,$0.02,$0.01,$0.01,14633
Biden,6/26/2024 12:00:00 AM,$0.84,$0.87,$0.84,$0.86,13253
Harris,6/26/2024 12:00:00 AM,$0.04,$0.06,$0.04,$0.05,10408
Sanders,6/26/2024 12:00:00 AM,$0.01,$0.01,$0.01,$0.01,0
Clinton,6/26/2024 12:00:00 AM,$0.04,$0.06,$0.04,$0.06,4949
Buttigieg,6/26/2024 12:00:00 AM,$0.01,$0.01,$0.01,$0.01,0
Warren,6/26/2024 12:00:00 AM,$0.01,$0.01,$0.01,$0.01,0
AOC,6/26/2024 12:00:00 AM,$0.01,$0.01,$0.01,$0.01,0
Brown,6/26/2024 12:00:00 AM,$0.01,$0.01,$0.01,$0.01,0
Abrams,6/26/2024 12:00:00 AM,$0.01,$0.01,$0.01,$0.01,0
Klobuchar,6/26/2024 12:00:00 AM,$0.01,$0.01,$0.01,$0.01,0
Newsom,6/26/2024 12:00:00 AM,$0.08,$0.09,$0.07,$0.08,8456
Pritzker,6/26/2024 12:00:00 AM,$0.01,$0.01,$0.01,$0.01,1001
RFK Jr.,6/26/2024 12:00:00 AM,$0.01,$0.02,$0.01,$0.01,2605
Biden,6/27/2024 12:00:00 AM,$0.86,$0.87,$0.50,$0.61,300849
Harris,6/27/2024 12:00:00 AM,$0.05,$0.19,$0.05,$0.13,92532
Sanders,6/27/2024 12:00:00 AM,$0.01,$0.01,$0.01,$0.01,1538
Clinton,6/27/2024 12:00:00 AM,$0.06,$0.07,$0.03,$0.06,55274
Buttigieg,6/27/2024 12:00:00 AM,$0.01,$0.03,$0.01,$0.01,55029
Warren,6/27/2024 12:00:00 AM,$0.01,$0.01,$0.01,$0.01,200
AOC,6/27/2024 12:00:00 AM,$0.01,$0.01,$0.01,$0.01,105
Brown,6/27/2024 12:00:00 AM,$0.01,$0.01,$0.01,$0.01,81
Abrams,6/27/2024 12:00:00 AM,$0.01,$0.01,$0.01,$0.01,3
Klobuchar,6/27/2024 12:00:00 AM,$0.01,$0.02,$0.01,$0.01,59007
Newsom,6/27/2024 12:00:00 AM,$0.08,$0.33,$0.08,$0.23,134693
Pritzker,6/27/2024 12:00:00 AM,$0.01,$0.07,$0.01,$0.02,68110
RFK Jr.,6/27/2024 12:00:00 AM,$0.01,$0.02,$0.01,$0.01,24634
Biden,6/28/2024 12:00:00 AM,$0.61,$0.75,$0.60,$0.72,328049
Harris,6/28/2024 12:00:00 AM,$0.13,$0.18,$0.08,$0.11,127393
Sanders,6/28/2024 12:00:00 AM,$0.01,$0.01,$0.01,$0.01,52196
Clinton,6/28/2024 12:00:00 AM,$0.06,$0.08,$0.04,$0.06,77070
Buttigieg,6/28/2024 12:00:00 AM,$0.01,$0.03,$0.01,$0.02,81938
Warren,6/28/2024 12:00:00 AM,$0.01,$0.01,$0.01,$0.01,1251
AOC,6/28/2024 12:00:00 AM,$0.01,$0.01,$0.01,$0.01,111
Brown,6/28/2024 12:00:00 AM,$0.01,$0.01,$0.01,$0.01,23187
Abrams,6/28/2024 12:00:00 AM,$0.01,$0.01,$0.01,$0.01,555
Klobuchar,6/28/2024 12:00:00 AM,$0.01,$0.03,$0.01,$0.01,97918
Newsom,6/28/2024 12:00:00 AM,$0.23,$0.26,$0.12,$0.17,160751
Pritzker,6/28/2024 12:00:00 AM,$0.02,$0.05,$0.01,$0.02,61965
RFK Jr.,6/28/2024 12:00:00 AM,$0.01,$0.04,$0.01,$0.01,64798
Biden,6/29/2024 12:00:00 AM,$0.72,$0.73,$0.51,$0.60,164363
Harris,6/29/2024 12:00:00 AM,$0.11,$0.30,$0.10,$0.23,68072
Sanders,6/29/2024 12:00:00 AM,$0.01,$0.01,$0.01,$0.01,101
Clinton,6/29/2024 12:00:00 AM,$0.06,$0.12,$0.05,$0.05,44260
Buttigieg,6/29/2024 12:00:00 AM,$0.02,$0.04,$0.01,$0.02,38919
Warren,6/29/2024 12:00:00 AM,$0.01,$0.01,$0.01,$0.01,0
AOC,6/29/2024 12:00:00 AM,$0.01,$0.01,$0.01,$0.01,0
Brown,6/29/2024 12:00:00 AM,$0.01,$0.01,$0.01,$0.01,27680
Abrams,6/29/2024 12:00:00 AM,$0.01,$0.01,$0.01,$0.01,150
Klobuchar,6/29/2024 12:00:00 AM,$0.01,$0.02,$0.01,$0.01,18717
Newsom,6/29/2024 12:00:00 AM,$0.17,$0.21,$0.14,$0.16,51078
Pritzker,6/29/2024 12:00:00 AM,$0.02,$0.04,$0.02,$0.04,18887
RFK Jr.,6/29/2024 12:00:00 AM,$0.01,$0.02,$0.01,$0.01,26266
Biden,6/30/2024 12:00:00 AM,$0.60,$0.64,$0.54,$0.60,228537
Harris,6/30/2024 12:00:00 AM,$0.23,$0.26,$0.15,$0.16,110170
Sanders,6/30/2024 12:00:00 AM,$0.01,$0.01,$0.01,$0.01,1031
Clinton,6/30/2024 12:00:00 AM,$0.05,$0.08,$0.05,$0.05,91434
Buttigieg,6/30/2024 12:00:00 AM,$0.02,$0.05,$0.02,$0.02,60565
Warren,6/30/2024 12:00:00 AM,$0.01,$0.01,$0.01,$0.01,47
AOC,6/30/2024 12:00:00 AM,$0.01,$0.01,$0.01,$0.01,2001
Brown,6/30/2024 12:00:00 AM,$0.01,$0.01,$0.01,$0.01,15320
Abrams,6/30/2024 12:00:00 AM,$0.01,$0.01,$0.01,$0.01,715
Klobuchar,6/30/2024 12:00:00 AM,$0.01,$0.02,$0.01,$0.01,46887
Newsom,6/30/2024 12:00:00 AM,$0.16,$0.22,$0.12,$0.14,72738
Pritzker,6/30/2024 12:00:00 AM,$0.04,$0.04,$0.02,$0.02,41391
Whitmer,6/30/2024 12:00:00 AM,$0.01,$0.08,$0.01,$0.05,143178
RFK Jr.,6/30/2024 12:00:00 AM,$0.01,$0.02,$0.01,$0.01,46409
Shapiro,6/30/2024 12:00:00 AM,$0.01,$0.06,$0.01,$0.01,119361
Beshear,6/30/2024 12:00:00 AM,$0.01,$0.05,$0.01,$0.01,106910
Obama,6/30/2024 12:00:00 AM,$0.05,$0.12,$0.01,$0.06,178076
